YYMMDDHHMMSS.SSS,XFVX(FPS) INNER (DEG),X,VY (FPS) MIDDLE (DEG),Y,VZ (FPS) OUTER (DEG),Z,RANGE (FT),
690720200953.164125,79.1564941,   79.1564941,     .2746582,     .2746582,28.0261230,   28.026123 ,"43,753.45",1
690720200955.164125,78.9147949,   78.9147949,359.7583008,-     .2416992,20.3796387,   20.3796387,"41,897.57",1
690720200957.164125,78.3654785,   78.3654785,358.9450684,-    1.0549316,12.7001953,   12.7001953,"41,144.20",1
690720200959.164125,77.9589844,   77.9589844,.6701660,     .670166 ,4.9328613,    4.9328613,"38,325.55",1
690720201001.164125,77.8401211,   77.8401211,    1.2744141,    1.2744141,1.2524414,    1.2524414,"39,005.85",1
690720201003.164125,78.0468750,   78.046875 ,    1.1865234,    1.1865234,3.0541982,    3.0541982,"38,671.36",1
690720201005.164125,78.1457520,   78.145752 ,     .1867676,     .1867676,3.6694336,    3.6694336,"38,520.30",1
690720201007.164125,77.9919434,   77.9919434,  358.8782715,-    1.1217285,3.9221191,    3.9221191,"38,444.77",1
690720201009.164125,77.7502441,   77.7502441,  358.8793956,-    1.1206044,4.5593262,    4.5593262,"37,781.19",1
690720201011.164125,77.2558594,   77.2558594,  358.8352051,-    1.1647949,5.2254922,    5.2254922,"37,473.67",1
690720201013.164125,77.9840527,   77.9840527,     .8569336,     .8569336,4.7688664,    4.7688664,"37,295.64",1
690720201015.164125,77.8491211,   77.8491211,    1.2634277,    1.2634277,3.8891602,    3.8891602,"37,284.85",1
690720201017.164125,77.2448730,   77.244873 ,     .6921387,     .6921387,4.2187500,    4.21875  ,"36,594.29",1
690720201019.164125,77.4645996,   77.4645996,     .5603027,     .5603027,5.0207520,    5.020752 ,"36,480.99",1
690720201021.164125,77.3657227,   77.3657227,1.3732910,    1.373291 ,4.9987793,    4.9987793,"36,480.99",1
690720201025.164125,77.1789551,   77.1789551,  358.5958594,-    1.4041406,3.1291172,    3.1291172,"35,666.35",1
690720201027.164125,76.8933195,   76.8933195,  359.3408203,-     .6591797,2.9663086,    2.9663086,"35,785.04",1
690720201029.164125,76.1682129,   76.1682129,     .8789063,     .8789063,3.1860352,    3.1860352,"35,191.58",1
690720201031.164125,76.7724609,   76.7724609,     .7910156,     .7910156,3.2849121,    3.2849121,"34,862.49",1
690720201033.164125,77.1130371,   77.1130371,  359.9890137,-     .0109863,3.2629395,    3.2629395,"34,867.89",1
690720201035.164125,77.0031738,   77.0031738,359.9340820,-     .065918 ,3.1081308,    3.1081308,"34,511.81",1
690720201037.164125,75.8056641,   75.8056641,     .5493164,     .5493164,3.0212402,    3.0212402,"34,290.62",1
690720201039.164125,74.2895508,   74.2895508,     .6811523,     .6811523,2.9223633,    2.9223633,"33,195.44",1
690720201041.164125,75.3222656,   75.3222656,     .2307129,     .2307129,2.8894043,    2.8894043,"33,119.92",1
690720201043.164125,76.5197754,   76.5197754,     .0878906,     .0878906,2.9443359,    2.9443359,"33,087.54",1
690720201045.164125,74.0039062,   74.0039062,  359.6484375,-     .3515625,2.9553223,    2.9553223,"32,245.92",1
690720201047.164125,73.9160156,   73.9160156,1.4721680,    1.472168 ,2.9553223,    2.9553223,"31,733.39",1
690720201049.164125,73.4436035,   73.4436035,.7031250,     .703125 ,2.8344727,    2.8344727,"31,560.75",1
690720201051.164125,72.6635742,   72.6635742,  359.6704102,-     .3295898,2.7355957,    2.7355957,"30,800.06",1
690720201053.164125,72.9492188,   72.9492188,  359.8022461,-     .1977539,1.1206055,    1.1206055,"30,514.12",1
690720201054.086125,72.9991641,   72.9991641,  359.8352051,-     .1647949,359.2968750,-     .703125 ,,1
690720201055.164125,73.2128906,   73.2128906,  359.8022461,-     .1977539,358.6596680,-    1.340332 ,"30,449.38",1
690720201057.164125,72.0373535,   72.0373535,  359.6044922,-     .3955078,359.0551758,-     .9448242,"30,109.50",1
690720201058.176125,71.7077637,   71.7077637,     .1318359,     .1318359,359.3408293,-     .6591707,,1
690720201059.164125,70.6640625,   70.6640625,     .5273438,     .5273438,359.4726562,-     .5273438,"29,311.04",1
690720201100.246125,69.8510742,   69.8510742,     .9008789,     .9008789,359.6813965,-     .3186035,,1
690720201101.164125,70.1636777,   70.1636777,    1.1206055,    1.1206055,359.8352051,-     .1647949,"28,884.83",1
690720201103.164125,71.1584473,   71.1584473,     .8349609,     .8349609,     .1098633,     .1098633,"27,573.85",1
690720201105.164125,70.8277344,   70.8277344,     .3076172,     .3076172,     .2746582,     .2746582,"28,388.49",1
690720201106.277125,70.0048828,   70.0048828,     .2416992,     .2416992,     .3186035,     .3186035,,1
690720201107.164125,68.0270996,   68.0270996,  359.6450684,-     .3549316,     .3735352,     .3735352,"27,676.35",1
690720201107.934125,68.9941406,   68.9941406,     .3076172,     .3076172,     .3955078,     .3955078,,1
690720201109.164125,68.7963867,   68.7963867,     .5712891,     .5712891,     .4394531,     .4394531,"27,325.68",1
690720201111.164125,69.5324707,   69.5324707,     .9997559,     .9997559,     .4394531,     .4394531,"27,309.49",1
690720201111.957125,68.8293457,   68.8293457,     .1208496,     .1208496,     .4394531,     .4394531,,1
690720201113.164125,68.3459473,   68.3459473,  359.4177246,-     .5822754,     .3186035,     .3186035,"26,921.05",1
690720201113.957125,67.9174805,   67.9174805,  359.4836426,-     .5163574,     .3295898,     .3295898,,1
690720201115.164125,67.9284668,   67.9284668,     .4284668,     .4284668,     .2526855,     .2526855,"26,726.83",1
690720201117.164125,66.8627930,   66.862793 ,     .9008789,     .9008789,     .1318359,     .1318359,"26,273.65",1
690720201117.957125,66.4562988,   66.4562988,     .8569336,     .8569336,     .0549316,     .0549316,,1
690720201119.164125,65.9729004,   65.9729004,     .6811523,     .6811523,359.9340820,-     .065918 ,"25,836.66",1
690720201119.957125,65.6872559,   65.6872559,     .5383301,     .5383301,359.7692871,-     .2307129,,1
690720201121.164125,66.4233398,   66.4233398,    1.0107422,    1.0107422,  359.6374512,-     .3625488,"25,707.18",1
690720201123.164125,67.1044922,   67.1044922,     .8239746,     .8239746,  359.2419434,-     .7580566,"25,798.88",1
690720201124.086125,67.1923828,   67.1923828,     .2966309,     .2966309,  358.9992578,-    1.0007422,,1
690720201125.164125,66.7639160,   66.763916 ,  359.5275879,-     .4724121,  358.9123535,-    1.0876465,"25,397.95",1
690720201126.086125,67.7636719,   67.7636719,     .2526855,     .2526855,  358.9782715,-    1.0217285,,1
690720201127.164125,68.4228516,   68.4228516,     .9887695,     .9887695,  358.9672852,-    1.0327148,"25,361.90",1
690720201129.164125,67.5438453,   67.5438453,     .4064941,     .4064941,  358.9233388,-    1.0766612,"25,016.62",1
690720201130.055125,66.6870117,   66.6870117,  359.8022461,-     .1977539,  358.9892578,-    1.0107422,,1
690720201131.164125,66.5441895,   66.5441895,  359.7253418,-     .2746582,  358.9782715,-    1.0217285,"24,628.18",1
690720201131.926125,66.1816406,   66.1816406,  359.5275879,-     .4724121,  359.0332031,-     .9667969,,1
690720201133.164125,66.7088844,   66.7088844,  359.6594238,-     .3405762,  359.0002441,-     .9997559,"24,487.91",1
690720201135.164125,67.3022461,   67.3022461,359.9670410,-     .032959 ,  359.0112305,-     .9887695,"24,547.25",1
690720201135.887125,66.9177246,   66.9177246,     .0439453,     .0439453,  358.9782715,-    1.0217285,,1
690720201137.164125,67.2363281,   67.2363281,     .7250977,     .7250977,  359.0112305,-     .9887695,"24,282.90",1
690720201137.895125,66.4562988,   66.4562988,     .2526855,     .2526855,  358.9343262,-    1.0656738,,1
690720201139.164125,66.1486816,   66.1486816,359.9340820,-     .065918 ,  359.0441895,-     .9558105,"23,856.69",1
690720201139.887125,65.6652832,   65.6652832,  359.5605469,-     .4394531,  359.0332031,-     .9667969,,1
690720201141.164125,65.7202148,   65.7202148,359.9340820,-     .065918 ,  359.1101074,-     .8898926,"23,479.04",1
690720201141.887125,65.5554199,   65.5554199,     .4943848,     .4943848,  359.1540527,-     .8459473,,1
690720201143.164125,65.3796387,   65.3796387,1.3513184,    1.3513184,  359.1870117,-     .8129883,"23,203.90",1
690720201143.965125,64.7534180,   64.753418 ,1.3732910,    1.373291 ,  359.2529297,-     .7470703,,1
690720201145.164125,63.5888672,   63.5888672,     .6591797,     .6591797,358.1979980,-    1.802002 ,"22,723.74",1
690720201145.895125,63.2702637,   63.2702637,     .5053711,     .5053711,359.2309570,-     .769043 ,,1
690720201147.164125,62.9077148,   62.9077148,     .1428223,     .1428223,  359.1760254,-     .8239746,"22,383.86",1
690720201147.895125,63.5559082,   63.5559082,     .7141113,     .7141113,  359.1760254,-     .8239746,,1
690720201149.164125,64.0283203,   64.0283203,    1.1755371,    1.1755371,  359.1650391,-     .8349609,"22,383.86",1
690720201149.926125,64.3469238,   64.3469238,    1.4282227,    1.4282227,  359.6991211,-     .3008789,,1
690720201151.164125,63.5097660,   63.509766 ,     .6811523,     .6811523,  358.0771484,-    1.9228516,"22,254.38",1
690720201151.955125,63.3471680,   63.347168 ,     .4064941,     .4064941,  359.0441895,-     .9558105,,1
690720201153.164125,62.5451660,   62.545166 ,  359.7473145,-     .2526855,  359.2529207,-     .7470793,"21,542.24",1
690720201153.887125,62.4572754,   62.4572754,  359.5835058,-     .4164942,359.3627930,-     .637207 ,,1
690720201155.164125,62.1057129,   62.1057129,  359.7692871,-     .2307129,  359.5715332,-     .4284668,"21,202.35",1
690720201155.887125,62.0617676,   62.0617676,  359.9121094,-     .0878906,  359.7143555,-     .2856445,,1
690720201157.164125,62.0507812,   62.0507812,     .6262207,     .6262207,359.9011230,-     .098877 ,"20,921.81",1
690720201157.895125,61.9519043,   61.9519043,     .8459473,     .8459473,     .0549316,     .0549316,,1
690720201159.164125,61.9628806,   61.9628806,    1.5930176,    1.5930176,     .1757813,     .1757813,"20,835.49",1
690720201159.885125,61.2817383,   61.2817383,    1.2854004,    1.2854004,     .2846445,     .2846445,,1
690720201201.164125,60.8312989,   60.8312989,    1.3842773,    1.3842773,     .3845215,     .3845215,,1
690720201201.887125,60.2050781,   60.2050781,     .9997559,     .9997559,     .4284668,     .4284668,,1
690720201203.164125,60.2929687,   60.2929687,     .9997559,     .9997559,     .5383301,     .5383301,"20,139.54",1
690720201203.895125,59.9633789,   59.9633789,.6701660,     .670166 ,     .5383301,     .5383301,,1
690720201205.164125,60.5346680,   60.534668 ,     .6152344,     .6152344,     .6262207,     .6262207,"19,923.74",1
690720201205.887125,60.5017090,   60.501709 ,     .4614258,     .4614258,     .6262207,     .6262207,,1
690720201207.164125,61.2268066,   61.2268066,     .3735352,     .3735352,     .6481934,     .6481934,"19,643.20",1
690720201207.887125,61.2597656,   61.2597656,     .4724121,     .4724121,     .6591797,     .6591797,,1
690720201209.164125,61.4355469,   61.4355469,     .4284668,     .4284668,     .6152344,     .6152344,"19,448.08",1
690720201209.887125,61.3476562,   61.3476562,     .8239746,     .8239746,     .6481934,     .6481934,,1
690720201211.164125,60.9082031,   60.9082031,     .8789063,     .8789063,     .5932617,     .5932617,"19,098.30",1
690720201211.895125,60.7653809,   60.7653809,    1.4941406,    1.4941406,     .5822754,     .5822754,,1
690720201213.164125,59.8205566,   59.8205566,    1.7468262,    1.7468262,     .5493164,     .5493164,"18,774.60",1
690720201213.895125,59.7436523,   59.7436523,    2.3510742,    2.3510742,     .4943848,     .4943848,,1
690720201215.164125,58.9196777,   58.9196777,1.3073730,    1.307373 ,     .4289668,     .4289668,"18,305.24",1
690720201215.957125,59.1833496,   59.1833496,    1.0217285,    1.0217285,     .2856445,     .2856445,,1
690720201217.164125,58.7878418,   58.7878418,     .0549316,     .0549316,     .1538086,     .1538086,"17,981.54",1
690720201217.937125,59.6118164,   59.6118164,     .3405762,     .3405762,     .0219727,     .0219727,,1
690720201219.164125,59.9743652,   59.9743652,.8020020,     .802002 ,  359.8681641,-     .1318359,"17,857.45",1
690720201219.895125,60.6445313,   60.6445313,    1.2634277,    1.2634277,  359.7473145,-     .2526855,,1
690720201221.164125,59.6777344,   59.6777344,    1.0107422,    1.0107422,  359.4946289,-     .5053711,"17,522.96",1
690720201221.895125,59.4140625,   59.4140625,     .5822754,     .5822754,  359.4067383,-     .5932617,,1
690720201223.164125,58.5681152,   58.5681152,     .3625488,     .3625488,  359.3078613,-     .6921387,"17,193.87",1
690720201223.895125,58.4033203,   58.4033203,359.9670410,-     .032959 ,  359.3847656,-     .6152344,,1
690720201225.164125,58.2495117,   58.2495117,     .3405762,     .3405762,  359.4396973,-     .5603027,"16,859.38",1
690720201225.826125,58.2385254,   58.2385254,     .2197266,     .2197266,  350.4726562,-    9.5273438,,1
690720201227.164125,58.6560059,   58.6560059,    1.0766602,    1.0766602,  359.5385742,-     .4614258,"16,600.42",1
690720201227.895125,58.7219238,   58.7219238,    1.1425781,    1.1425781,  359.5385742,-     .4614258,,1
690720201229.164125,59.1833496,   59.1833496,    1.8896484,    1.8896484,  359.5605469,-     .4394531,"16,422.38",1
690720201229.895125,58.4912109,   58.4912109,    1.4611816,    1.4611816,  359.5495605,-     .4504395,,1
690720201231.164125,58.1945801,   58.1945801,    1.1755371,    1.1755371,  359.5166016,-     .4833984,"16,023.15",1
690720201231.895125,57.4914551,   57.4914551,     .9118652,     .9118652,  359.4726562,-     .5273438,,1
690720201233.164125,57.5436867,   57.5436867,     .7800293,     .7800293,  359.395752 ,-     .604248 ,"15,683.27",1
690720201233.887125,57.0849608,   57.0849608,     .9228516,     .9228516,  359.4506836,-     .5493164,,1
690720201235.164125,57.5024414,   57.5024414,    1.0327148,    1.0327148,  359.5166016,-     .4833984,"15,381.15",1
690720201235.887125,57.2827148,   57.2827148,    1.4501953,    1.4501953,  359.5825195,-     .4174805,,1
690720201237.164125,57.7990723,   57.7990723,    1.5161133,    1.5161133,  359.6264648,-     .3735352,"15,122.19",1
690720201237.895125,57.8979492,   57.8979492,    1.9445801,    1.9445801,  359.6264649,-     .3735351,,1
690720201239.164125,58.6120605,   58.6120605,    1.6040039,    1.6040039,  359.6594238,-     .3405762,"14,825.46",1
690720201239.937125,58.7438965,   58.7438965,    1.6149902,    1.6149902,  359.6154785,-     .3845215,,1
690720201241.164125,58.5351562,   58.5351562,     .4064941,     .4064941,  359.6154785,-     .3845215,"14,474.79",1
690720201242.055125,57.9748535,   57.9748535,     .6591797,     .6591797,  359.5495605,-     .4504395,,1
690720201243.164125,56.9860840,   56.986084 ,     .5603027,     .5603027,  359.5605469,-     .4394531,"14,145.69",1
690720201243.895125,56.8762207,   56.8762207,     .9887695,     .9887695,  359.5385742,-     .4614258,,1
690720201245.164125,56.6674805,   56.6674805,     .8459473,     .8459473,  359.4616699,-     .5383301,"13,816.60",1
690720201245.957125,57.5573730,   57.557373 ,     .7141113,     .7141113,  359.4177246,-     .5822754,,1
690720201247.164125,57.9199219,   57.9199219,     .2746582,     .2746582,  359.4067383,-     .5932617,"13,563.03",1
690720201247.895125,58.3593750,   58.359375 ,     .3295898,     .3295898,  359.5275879,-     .4724121,,1
690720201249.164125,56.9531250,   56.953125 ,    1.2963867,    1.2963867,  359.7253418,-     .2746582,"13,190.78",1
690720201249.895125,56.5026855,   56.5026855,    1.5930176,    1.5930176,  359.8681641,-     .1318359,,1
690720201251.164125,55.6457520,   55.645752 ,    1.7248535,    1.7248535,.0000000,     .       ,"12,910.24",1
690720201251.895125,55.9643555,   55.9643555,    1.0107422,    1.0107422,     .0769043,     .0769043,,1
690720201253.164125,56.0961914,   56.0961914,     .5053711,     .5053711,     .1428223,     .1428223,"12,516.40",1
690720201253.937125,56.6674905,   56.6674905,.0988770,     .098877 ,     .2087402,     .2087402,,1
690720201255.164125,56.7553711,   56.7553711,1.4062500,    1.40625  ,     .3186035,     .3186035,"12,322.18",1
690720201255.887125,56.6784668,   56.6784668,    1.7358398,    1.7358398,     .3845215,     .3845215,,1
690720201257.164125,56.4477539,   56.4477539,    2.6916504,    2.6916504,     .4943848,     .4943848,"11,998.48",1
690720201257.895125,56.3598633,   56.3598633,    1.7578125,    1.7578125,     .5053711,     .5053711,,1
690720201259.164125,56.5686035,   56.5686035,.7360840,     .736084 ,     .5163574,     .5163574,"11,734.13",1
690720201259.895125,56.5026855,   56.5026855,  359.9450684,-     .0549316,     .5053711,     .5053711,,1
690720201301.164125,56.9750977,   56.9750977,.6701660,     .670166 ,     .5383301,     .5383301,"11,437.40",1
690720201301.887125,56.7224121,   56.7224121,    1.1096191,    1.1096191,     .5712891,     .5712891,,1
690720201303.164125,56.8212891,   56.8212891,    2.0324707,    2.0324707,     .5932617,     .5932617,"11,227.00",1
690720201303.895125,56.4697266,   56.4697266,    2.2631836,    2.2631836,.6042480,     .604248 ,,1
690720201305.164125,57.1179199,   57.1179199,    1.7138672,    1.7138672,     .5493164,     .5493164,"10,957.25",1
690720201305.895125,57.0959473,   57.0959473,1.3073730,    1.307373 ,     .5053711,     .5053711,,1
690720201307.164125,57.3815918,   57.3815918,     .4174805,     .4174805,     .4284668,     .4284668,"10,601.18",1
690720201307.895125,56.7663574,   56.7663574,     .5603027,     .5603027,     .3845215,     .3845215,,1
690720201309.164125,56.2280273,   56.2280273,     .1977539,     .1977539,     .3295898,     .3295898,"10,342.22",1
690720201309.926125,55.7446289,   55.7446289,     .4064941,     .4064941,     .2526855,     .2526855,,1
690720201311.164125,55.6677246,   55.6677246,     .0109863,     .0109863,     .1647949,     .1647949,"9,986.84",1
690720201311.895125,55.7446289,   55.7446289,     .2526855,     .2526855,     .0769043,     .0769043,,1
690720201313.164125,56.1071777,   56.1071777,  359.9450684,-     .0549316,359.9670410,-     .032959 ,"9,743.37",1
690720201314.055125,56.5466309,   56.5466309,     .2307129,     .2307129,  359.8242187,-     .1757813,,1
690720201315.164125,56.9421387,   56.9421387,     .1757813,     .1757813,  359.7253418,-     .2746582,"9,473.62",1
690720201315.926125,57.1728516,   57.1728516,.7690430,     .769043 ,  359.6154785,-     .3845215,,1
690720201317.164125,56.6125488,   56.6125488,    1.9116211,    1.9116211,  359.7253418,-     .2746582,"9,171.50",1
690720201317.957125,56.6125488,   56.6125488,    2.5708008,    2.5708008,  359.8681641,-     .1318359,,1
690720201319.164125,55.8984375,   55.8984375,    2.5598145,    2.5598145,     .0878906,     .0878906,"8,928.73",1
690720201319.895125,56.1730957,   56.1730957,2.0104980,    2.010498 ,     .1977539,     .1977539,,1
690720201321.164125,55.9753418,   55.9753418,    1.5490723,    1.5490723,     .2966309,     .2966309,"8,610.42",1
690720201321.895125,56.2390137,   56.2390137,    1.0437012,    1.0437012,     .4174805,     .4174805,,1
690720201323.164125,56.0522461,   56.0522461,    1.0986328,    1.0986328,     .4833984,     .4833984,"8,351.46",1
690720201323.895125,56.1950684,   56.1950684,     .8569336,     .8569336,     .5932617,     .5932617,,1
690720201325.164125,55.9863281,   55.9863281,    1.1315918,    1.1315918,.6701660,     .670166 ,"8,022.37",1
690720201325.895125,55.8544922,   55.8544922,     .9777832,     .9777832,     .7250977,     .7250977,,1
690720201327.164125,55.6347656,   55.6347656,    1.1315018,    1.1315018,     .8239746,     .8239746,"7,795.78",1
690720201327.895125,55.2502441,   55.2502441,    1.0656738,    1.0656738,     .8349609,     .8349609,,1
690720201329.164125,55.0964355,   55.0964355,     .9448242,     .9448242,     .9118652,     .9118652,"7,504.45",1
690720201329.895125,54.6240234,   54.6240234,     .9338379,     .9338379,     .9118652,     .9118652,,1
690720201331.164125,55.0305176,   55.0305176,     .5493164,     .5493164,     .9448242,     .9448242,"7,250.88",1
690720201341.164125,46.3623047,   46.3623047,    1.7028809,    1.7028809,     .8898926,     .8898926,"6,538.74",1
690720201341.754125,46.3952637,   46.3952637,    2.2302246,    2.2302246,     .8569336,     .8569336,,1
690720201343.164125,45.3955078,   45.3955078,    2.0544434,    2.0544434,     .7910156,     .7910156,"6,177.28",1
690720201343.895125,45.7690430,   45.769043 ,    1.5270996,    1.5270996,     .7141113,     .7141113,,1
690720201345.164125,45.3186035,   45.3186035,.7360840,     .736084 ,     .5383301,     .5383301,"5,956.08",1
690720201345.937125,45.6481934,   45.6481934,     .3515625,     .3515625,     .4614258,     .4614258,,1
690720201347.164125,44.3957520,   44.395752 ,    1.1875098,    1.1875098,     .3186035,     .3186035,"5,653.96",1
690720201347.965125,44.0112305,   44.0112305,    1.5930176,    1.5930176,     .2746582,     .2746582,,1
690720201349.164125,43.3959961,   43.3959961,    2.4389648,    2.4389648,     .1538086,     .1538086,"5,395.00",1
690720201349.937125,43.4399414,   43.4399414,    2.0874023,    2.0874023,     .0219727,     .0219727,,1
690720201351.164125,44.1101074,   44.1101074,    1.8566895,    1.8566895,  359.7912598,-     .2087402,"5,184.60",1
690720201351.926125,43.9782715,   43.9782715,1.4062500,    1.40625  ,  359.7692871,-     .2307129,,1
690720201353.164125,44.3078613,   44.3078613,    1.1096191,    1.1096191,  359.8681641,-     .1318359,"4,979.59",1
690720201353.887125,43.8959961,   43.8959961,    1.1865234,    1.1865234,  359.9560547,-     .0439453,,1
690720201355.164125,42.6269531,   42.6269531,    1.7797852,    1.7797852,.0988770,     .098877 ,"4,758.39",1
690720201355.957125,42.4291992,   42.4291992,    3.2629395,    3.2629395,     .2526855,     .2526855,,1
690720201357.164125,43.2531738,   43.2531738,    3.3618164,    3.3618164,     .3076172,     .3076172,"4,564.17",1
690720201357.957125,43.0773926,   43.0773926,    1.8676758,    1.8676758,     .2636719,     .2636719,,1
690720201359.164125,42.7697754,   42.7697754,  359.7692871,-     .2307129,     .2856445,     .2856445,"4,342.98",1
690720201359.945125,42.7697754,   42.7697754,  359.3518066,-     .6481934,     .2856445,     .2856445,,1
690720201401.164125,39.7595215,   39.7595215,  359.8352051,-     .1647949,     .3625488,     .3625488,"4,094.02",1
690720201402.027125,39.6057123,   39.6057123,  359.5495605,-     .4504395,     .4504395,     .4504395,,1
690720201403.164125,38.9245605,   38.9245605,  359.7253418,-     .2746582,     .4394531,     .4394531,"3,857.03",1
690720201404.086125,39.0563965,   39.0563965,  359.4946289,-     .5053711,     .5603027,     .5603027,,1
690720201405.164125,38.5620117,   38.5620117,359.3298340,-     .670166 ,     .5163574,     .5163574,"3,680.18",1
690720201406.137125,38.2983398,   38.2983398,  359.4177246,-     .5822754,     .5493164,     .5493164,,1
690720201407.164125,37.8369141,   37.8369141,  359.3408203,-     .6591797,     .6262207,     .6262207,"3,544.52",1
690720201407.984125,36.7712402,   36.7712402,359.9670410,-     .032959 ,     .5603027,     .5603027,,1
690720201409.164125,36.1010742,   36.1010742,     .3845215,     .3845215,     .6921387,     .6921387,"3,269.37",1
690720201410.145125,35.1123047,   35.1123047,     .8129883,     .8129883,     .6811523,     .6811523,,1
690720201411.164125,35.4099355,   35.4099355,.7690430,     .769043 ,     .6481934,     .6481934,"3,145.29",1
690720201412.027125,35.9044434,   35.9044434,     .3295898,     .3295898,     .6921387,     .6921387,,1
690720201413.164125,36.0900878,   36.0900878,     .3295898,     .3295898,     .5603027,     .5603027,"3,048.18",1
690720201414.164125,36.8811035,   36.8811035,     .0549316,     .0549316,     .5712891,     .5712891,,1
690720201415.164125,36.2548828,   36.2548828,.6042480,     .604248 ,     .5712891,     .5712891,"2,864.75",1
690720201416.047125,36.0131836,   36.0131836,    1.3293457,    1.3293457,     .5053711,     .5053711,,1
690720201417.164125,35.4968262,   35.4968262,    1.6699219,    1.6699219,.6701660,     .670166 ,"2,719.08",1
690720201418.055125,34.7937012,   34.7937012,2.1423340,    2.142334 ,     .7250977,     .7250977,,1
690720201419.164125,34.5300293,   34.5300293,2.0764160,    2.076416 ,     .7580566,     .7580566,"2,595.00",1
690720201420.066125,33.7609863,   33.7609863,    1.8017578,    1.8017578,     .8459473,     .8459473,,1
690720201421.875125,33.3984375,   33.3984375,     .5493164,     .5493164,     .9008789,     .9008789,,1
690720201423.164125,32.5085449,   32.5085449,  359.3188477,-     .6811523,1.5051270,    1.505127 ,"2,316.61",1
690720201423.984125,32.5085449,   32.5085449,  358.5058594,-    1.4941406,    1.8566895,    1.8566895,,1
690720201425.164125,32.2998047,   32.2998047,  358.6706543,-    1.3293457,    2.5158691,    2.5158691,"2,177.42",1
690720201426.164125,32.4865723,   32.4865723,  359.5385742,-     .4614258,    3.0102539,    3.0102539,,1
690720201427.164125,32.8820801,   32.8820801,  359.9230957,-     .0769043,    3.2299805,    3.2299805,"2,085.71",1
690720201428.027125,32.4316406,   32.4316406,     .1208496,     .1208496,    3.3618164,    3.3618164,,1
690720201429.164125,32.1020508,   32.1020508,     .1428223,     .1428223,    3.4606934,    3.4606934,"1,960.54",1
690720201430.176125,30.9045410,   30.904541 ,  359.4726562,-     .5273438,    3.2189941,    3.2189941,,1
690720201431.164125,29.4104004,   29.4104004,  359.2529297,-     .7470703,    3.0432129,    3.0432129,"1,853.72",1
690720201432.277125,28.9940430,   28.994043 ,359.3298340,-     .670166 ,    2.7905273,    2.7905273,,1
690720201433.164125,28.0371094,   28.0371094,  359.4836426,-     .5163574,    2.5598145,    2.5598145,"1,749.06",1
690720201433.965125,27.7954102,   27.7954102,     .0439453,     .0439453,    2.4609375,    2.4609375,,1
690720201435.164125,27.8723145,   27.8723145,     .3295898,     .3295898,    2.1862793,    2.1862793,"1,664.90",1
690720201435.957125,27.4328613,   27.4328613,     .4174805,     .4174805,    1.9775391,    1.9775391,,1
690720201437.176125,27.6416016,   27.6416016,     .7470703,     .7470703,    1.7578125,    1.7578125,"1,573.18",1
690720201437.957125,27.7075195,   27.7075195,     .5932617,     .5932617,    1.5380859,    1.5380859,,1
690720201439.176125,27.4548340,   27.454834 ,     .6921387,     .6921387,    1.1645508,    1.1645508,"1,469.60",1
690720201440.055125,27.9272461,   27.9272461,.8020020,     .802002 ,    1.2084961,    1.2084961,,1
690720201441.176125,28.8171387,   28.8171387,  359.9890137,-     .0109863,    1.1975098,    1.1975098,"1,401.62",1
690720201442.156125,30.7177734,   30.7177734,     .2307129,     .2307129,    1.1975098,    1.1975098,,1
690720201444.387125,37.0153809,   37.0153809,     .2307129,     .2307129,    1.340332 ,    1.340332 ,,1
690720201445.207125,25.4003906,   25.4003906,     .2856445,     .2856445,    1.3623047,    1.3623047,"1,228.98",1
690720201446.437125,24.5214844,   24.5214844,     .1098633,     .1098633,    1.5380859,    1.5380859,,1
690720201447.207125,24.6972656,   24.6972656,     .3955078,     .3955078,    1.4831543,    1.4831543,"1,162.08",1
690720201448.047125,25.1477051,   25.1477051,     .8459473,     .8459473,1.4721680,    1.472168 ,,1
690720201449.207125,25.8947754,   25.8947754,    1.0217285,    1.0217285,    1.6479492,    1.6479492,"1,093.03",1
690720201450.066125,26.2353516,   26.2353516,    1.1535645,    1.1535645,    1.5930176,    1.5930176,,1
690720201451.215125,26.0925293,   26.0925293,     .8459473,     .8459473,    1.5161133,    1.5161133,"1,027.21",1
690720201452.098125,25.5981445,   25.5981445,     .4833984,     .4833984,    1.6259766,    1.6259766,,1
690720201453.215125,24.7302246,   24.7302246,     .7250977,     .7250977,    1.5380859,    1.5380859,978.65,1
690720201453.977125,24.2248535,   24.2248535,     .9777832,     .9777832,    1.4611816,    1.4611816,,1
690720201455.215125,23.1811523,   23.1811523,     .9997559,     .9997559,    1.5710449,    1.5710449,930.10,1
690720201453.977125,24.2248535,   24.2248535,     .9777832,     .9777832,    1.4611816,    1.4611816,,1
690720201457.215125,21.8078613,   21.8078613,    1.2084961,    1.2084961,    1.3952637,    1.3952637,590.21,1
690720201457.824125,21.4892578,   21.4892578,    1.0217285,    1.0217285,    1.4282227,    1.4282227,,1
690720201459.215125,21.0278320,   21.027832 ,     .8789063,     .8789063,    1.3183594,    1.3183594,801.70,1
690720201459.977125,20.8630371,   20.8630371,     .5712891,     .5712891,    1.1975098,    1.1975098,,1
690720201501.215125,20.2038574,   20.2038574,     .1208496,     .1208496,    1.1865234,    1.1865234,758.54,1
690720201501.977125,19.8083496,   19.8083496,     .2197266,     .2197266,    1.1206055,    1.1206055,,1
690720201503.215125,19.3139648,   19.3139648,     .2197266,     .2197266,     .9228516,     .9228516,705.67,1
690720201503.977125,18.9624023,   18.9624023,.0878906,     .0878906,    1.0986328,    1.0986328,,1
690720201505.215125,18.6987306,   18.6987306,.0549316,     .0549316,    1.3293457,    1.3293457,662.51,1
690720201505.977125,18.5668945,   18.5668945,359.9121094,-     .0878906,    1.3952637,    1.3952637,,1
690720201507.215125,18.1054687,   18.1054687,359.6484375,-     .3515625,    1.6918945,    1.6918945,625.82,1
690720201507.977125,17.9626465,   17.9626465,359.8022461,-     .1977539,    1.8237305,    1.8237305,,1
690720201509.215125,17.6110849,   17.6110849,359.3791504,-     .6208496,    1.9555664,    1.9555664,581.58,1
690720201509.906125,17.3144531,   17.3144531,359.8461914,-     .1538086,    2.0654297,    2.0654297,,1
690720201511.215125,17.1606445,   17.1606445,     .3515625,     .3515625,    2.3291016,    2.3291016,551.37,1
690720201511.945125,17.0507812,   17.0507812,     .5603027,     .5603027,    2.3840332,    2.3840332,,1
690720201513.215125,16.6223145,   16.6223145,     .7250977,     .7250977,    2.5598145,    2.5598145,512.53,1
690720201514.016125,16.5344238,   16.5344238,     .9667969,     .9667969,    2.6916504,    2.6916504,,1
690720201515.215125,15.4687500,   15.46875  ,     .9997559,     .9997559,2.8125000,    2.8125   ,486.63,1
690720201515.984125,12.0739746,   12.0739746,     .6811523,     .6811523,    2.9333496,    2.9333496,,1
690720201517.215125,9.3383789,    9.3383789,.7031250,     .703125 ,    3.2080078,    3.2080078,461.81,1
690720201518.004125,6.3061523,    6.3061523,     .4394531,     .4394531,    3.3398438,    3.3398438,,1
690720201519.215125,4.9769066,    4.9769066,     .1647949,     .1647949,3.5156250,    3.515625 ,448.86,1
690720201519.937125,5.1106289,    5.1106289,     .2087402,     .2087402,    3.6804199,    3.6804199,,1
690720201521.215125,5.1086426,    5.1086426,     .1647949,     .1647949,    3.8671875,    3.8671875,429.44,1
690720201521.937125,5.5590820,    5.559082 ,     .0219727,     .0219727,    3.9990234,    3.9990234,,1
690720201523.215125,5.9436035,    5.9436035,     .4504395,     .4504395,4.2187500,    4.21875  ,405.70,1
690720201524.277125,5.4931641,    5.4931641,     .3955078,     .3955078,    4.4165039,    4.4165039,,1
690720201525.215125,5.7238770,    5.723877 ,     .3295898,     .3295898,    4.5483398,    4.5483398,389.52,1
690720201526.437125,5.7348633,    5.7348633,     .4294668,     .4294668,    4.7460938,    4.7460938,,1
690720201527.215125,5.5371094,    5.5371094,     .3845215,     .3845215,    4.8669434,    4.8669434,367.94,1
690720201528.445125,5.9545898,    5.9545898,     .2956445,     .2956445,5.0207520,    5.020752 ,,1
690720201529.215125,6.0424805,    6.0424805,     .3405762,     .3405762,    5.1196289,    5.1196289,364.70,1
690720201530.437125,5.7897949,    5.7897949,     .2856445,     .2856445,    5.2075195,    5.2075195,,1
690720201531.215125,6.1083984,    6.1083984,     .2087402,     .2087402,    5.1745605,    5.1745605,343.12,1
690720201532.437125,6.3391113,    6.3391113,     .1867676,     .1867676,    5.0537109,    5.0537109,,1
690720201533.215125,6.1523438,    6.1523438,     .1098633,     .1098633,    5.0097656,    5.0097656,335.57,1
690720201534.437125,6.4819336,    6.4819336,359.8791504,-     .1208496,    4.9108887,    4.9108887,,1
690720201535.215125,6.8334961,    6.8334961,359.7912598,-     .2087402,4.8229980,    4.822998 ,332.33,1
690720201536.437125,6.8334961,    6.8334961,359.5275879,-     .4724121,    4.6911621,    4.6911621,,1
690720201537.215125,7.0642090,    7.064209 ,359.2639160,-     .736084 ,    4.6362305,    4.6362305,321.54,1
690720201538.437125,7.8222656,    7.8222656,358.8903809,-    1.1096191,    4.5043945,    4.5043945,,1
690720201539.215125,7.6464844,    7.6464844,358.6816406,-    1.3183594,    4.3835449,    4.3835449,321.54,1
690720201540.496125,7.2619629,    7.2619629,358.5278320,-    1.472168 ,    4.2626953,    4.2626953,,1
690720201541.215125,7.2839355,    7.2839355,358.3520508,-    1.6479492,    4.1967773,    4.1967773,316.15,1
690720201542.445125,6.9104004,    6.9104004,358.4399414,-    1.5600586,    4.0100098,    4.0100098,,1
690720201543.215125,8.3935547,    8.3935547,358.6047363,-    1.3952637,    3.9660645,    3.9660645,312.91,1
690720201544.477125,11.0632324,   11.0632324,358.7585449,-    1.2414551,    3.9660645,    3.9660645,,1
690720201545.215125,11.3488770,   11.348877 ,358.8244629,-    1.1755371,    3.8891602,    3.8891602,302.12,1
690720201546.477125,11.7333984,   11.7333984,359.0112305,-     .9887695,    3.7573242,    3.7573242,,1
690720201547.215125,12.3266602,   12.3266602,359.0332031,-     .9667969,    3.7243652,    3.7243652,290.25,1
690720201548.477125,13.6669922,   13.6669922,359.2419434,-     .7580566,    3.6254883,    3.6254883,,1
690720201549.215125,14.8425293,   14.8425293,359.4726562,-     .5273438,    3.5705566,    3.5705566,290.25,1
690720201550.437125,14.9304199,   14.9304199,359.5605469,-     .4394531,3.4826660,    3.482666 ,,1
690720201551.215125,15.1611328,   15.1611328,359.6813965,-     .3186035,    3.4387207,    3.4387207,282.70,1
690720201552.445125,15.3588867,   15.3588867,359.9780273,-     .0219727,    3.2958984,    3.2958984,,1
690720201553.215125,15.3688730,   15.368873 ,.0659180,     .065918 ,    3.2080078,    3.2080078,268.67,1
690720201554.426125,15.7104492,   15.7104492,     .2526855,     .2526855,    3.1091309,    3.1091309,,1
690720201555.215125,15.7983398,   15.7983398,     .3515625,     .3515625,    2.9882813,    2.9882813,267.59,1
690720201556.437125,15.6225586,   15.6225586,     .3735352,     .3735352,2.8125000,    2.8125   ,,1
690720201557.215125,15.6005859,   15.6005859,     .3625488,     .3625488,2.7136230,    2.713623 ,260.04,1
690720201558.437125,15.6555176,   15.6555176,     .4394531,     .4394531,    2.5488281,    2.5488281,,1
690720201559.215125,15.5236816,   15.5236816,     .5273438,     .5273438,    2.4060059,    2.4060059,255.72,1
690720201559.438125,15.4138184,   15.4138184,     .5822754,     .5822754,    2.2192383,    2.2192383,,1
690720201601.215125,15.4907227,   15.4907227,     .6591797,     .6591797,2.1093750,    2.109375 ,256.80,1
690720201602.437125,15.4907227,   15.4907227,     .8129883,     .8129883,    1.9006348,    1.9006348,,1
690720201603.215125,15.4687500,   15.46875  ,     .8789063,     .8789063,    1.7468262,    1.7468262,254.64,1
690720201604.437125,15.6774902,   15.6774902,1.0107422,    1.0107422,    1.5380859,    1.5380859,,1
690720201605.215125,15.7653809,   15.7653809,1.1425781,    1.1425781,    1.3952637,    1.3952637,246.01,1
690720201606.496125,15.7653809,   15.7653809,1.3623047,    1.3623047,    1.1865234,    1.1865234,,1
690720201607.215125,15.4797363,   15.4797363,1.4062500,    1.40625  ,    1.1755371,    1.1755371,244.93,1
690720201608.496125,10.5468750,   10.546875 ,1.2414551,    1.2414551,    1.2524414,    1.2524414,,1
690720201609.215125,9.3493652,    9.3493652,1.2414551,    1.2414551,    1.2963867,    1.2963867,241.70,1
690720201626.195125,5.6689453,    5.6689453,1.0546875,    1.0546875,    2.2412109,    2.2412109,,1
690720201627.215125,5.5480957,    5.5480957,     .9558105,     .9558105,    2.2521973,    2.2521973,169.40,1
690720201628.484125,0.9777832,     .9777832,     .5932617,     .5932617,    2.3291016,    2.3291016,,1
690720201629.215125,0.9008789,     .9008789,.6042480,     .604248 ,    2.3620605,    2.3620605,167.25,1
690720201630.477125,359.2749023,-     .7250977,     .5932617,     .5932617,    2.4499512,    2.4499512,,1
690720201631.215125,359.2309570,-     .769043 ,     .8459473,     .8459473,    2.4829102,    2.4829102,152.14,1
690720201632.516125,359.7583008,-     .2416992,2.1203613,    2.1203613,    2.6916504,    2.6916504,,1
690720201633.215125,359.4726562,-     .5273438,2.9003906,    2.9003906,    2.7905273,    2.7905273,143.52,1
690720201634.477125,358.6047363,-    1.3952637,2.9333496,    2.9333496,    2.9223633,    2.9223633,,1
690720201635.215125,359.7583008,-     .2416992,3.1311035,    3.1311035,    2.9333496,    2.9333496,130.56,1
690720201636.477125,0.0329590,     .032959 ,3.1970215,    3.1970215,    3.0541992,    3.0541992,,1
690720201637.215125,359.7143555,-     .2856445,2.9882813,    2.9882813,    3.1091309,    3.1091309,115.45,1
690720201638.445125,359.5605469,-     .4394531,1.9665527,    1.9665527,    3.1420898,    3.1420898,,1
690720201639.215125,0.0219727,     .0219727,     .8898926,     .8898926,    3.1530762,    3.1530762,124.09,1
690720201640.445125,359.7912598,-     .2087402,.6042480,     .604248 ,    3.2739258,    3.2739258,,1
690720201641.215125,0.4614258,     .4614258,     .4943848,     .4943848,    3.3178711,    3.3178711,117.61,1
690720201642.484125,3.9990234,    3.9990234,.8020020,     .802002 ,    3.4606934,    3.4606934,,1
690720201643.215125,3.3178711,    3.3178711,.7690430,     .769043 ,    3.5705566,    3.5705566,111.14,1
690720201644.477125,2.6477051,    2.6477051,     .5163574,     .5163574,    3.7133789,    3.7133789,,1
690720201645.215125,2.6696777,    2.6696777,     .3845215,     .3845215,    3.8122559,    3.8122559,98.19,1
690720201646.484125,3.0322266,    3.0322266,     .1538086,     .1538086,    3.9770508,    3.9770508,,1
690720201647.215125,2.9663086,    2.9663086,359.5485605,-     .4514395,    4.0530551,    4.0530551,84.16,1
690720201648.484125,3.4487070,    3.448707 ,358.2861328,-    1.7138672,    4.1748047,    4.1748047,,1
690720201649.215125,2.9223633,    2.9223633,356.7810059,-    3.2189941,    4.1748047,    4.1748047,80.93,1
690720201650.477125,3.0871582,    3.0871582,356.7810059,-    3.2189941,    4.3835449,    4.3835449,,1
690720201651.215125,5.3173828,    5.3173828,356.8798828,-    3.1201172,    4.6582031,    4.6582031,78.77,1
690720201652.445125,5.0756836,    5.0756836,356.7919922,-    3.2080078,    4.8339844,    4.8339844,,1
690720201653.215125,4.7680664,    4.7680664,356.8359375,-    3.1640625,4.9548340,    4.954834 ,78.77,1
690720201654.316125,4.6142578,    4.6142578,356.7150979,-    3.2849021,    5.1525879,    5.1525879,,1
690720201655.215125,4.4934082,    4.4934082,356.4843750,-    3.515625 ,    5.2954102,    5.2954102,76.61,1
690720201656.387125,4.1748047,    4.1748047,356.3635254,-    3.6364746,    5.4162598,    5.4162598,75.55,1
690720201657.215125,4.5373535,    4.5373535,356.4074707,-    3.5925293,5.5920410,    5.592041 ,77.69,1
690720201707.215125,6.0534668,    6.0534668,2.0983887,    2.0983887,    8.0310059,    8.0310059,55.03,1
690720201707.848125,6.0314941,    6.0314941,2.2631836,    2.2631836,    8.1848145,    8.1848145,,1
690720201709.215125,4.1528320,    4.152832 ,1.8017578,    1.8017578,    8.6132813,    8.6132813,57.19,1
690720201709.996125,1.4831543,    1.4831543,1.5490723,    1.5490723,    8.8330078,    8.8330078,,1
690720201711.215125,354.9902344,-    5.0097656,     .3405762,     .3405762,    9.2504883,    9.2504883,56.11,1
690720201712.176125,355.5944824,-    4.4055176,     .5493164,     .5493164,    9.6130371,    9.6130371,,1
690720201713.215125,355.7592773,-    4.2407227,1.5490723,    1.5490723,    9.9865723,    9.9865723,45.32,1
690720201714.437125,356.1437988,-    3.8562012,2.6257324,    2.6257324,   10.3710937,   10.3710937,,1
690720201715.215125,356.8469238,-    3.1530762,2.9003906,    2.9003906,   10.6567383,   10.6567383,42.08,1
690720201716.477125,357.4291992,-    2.5708008,3.3068848,    3.3068848,   11.0632324,   11.0632324,,1
690720201717.215125,357.4951172,-    2.5048828,3.5375977,    3.5375977,   11.2719721,   11.2719721,34.53,1
690720201718.484125,358.2971191,-    1.7028809,3.7243652,    3.7243652,   11.6125488,   11.6125488,,1
690720201719.215125,358.8354492,-    1.1645508,2.9663086,    2.9663086,   11.8103027,   11.8103027,34.53,1
690720201720.324125,358.7915039,-    1.2084961,1.1535645,    1.1535645,   12.0849609,   12.0849609,,1
690720201721.215125,358.6926270,-    1.307373 ,1.1315918,    1.1315918,   12.3706055,   12.3706055,28.05,1
690720201722.324125,1.1535645,    1.1535645,1.4721680,    1.472168 ,   12.7770996,   12.7770996,,1
690720201723.215125,1.7138672,    1.7138672,     .7141113,     .7141113,   13.1066895,   13.1066895,28.05,1
690720201724.395125,2.1093750,    2.109375 ,     .1428223,     .1428223,   13.4912109,   13.4912109,,1
690720201725.215125,2.6586914,    2.6586914,358.8024902,-    1.1975098,   13.7988281,   13.7988281,22.66,1
690720201726.324125,3.1420898,    3.1420898,357.2863770,-    2.713623 ,14.1613770,   14.161377 ,,1
690720201727.215125,3.0651855,    3.0651855,357.3413086,-    2.6586914,   14.2163086,   14.2163086,22.66,1
690720201728.316125,2.9333496,    2.9333496,357.0886230,-    2.911377 ,   14.2712402,   14.2712402,,1
690720201729.215125,3.5815430,    3.581543 ,355.5285645,-    4.4714355,   14.3481445,   14.3481445,11.87,1
690720201730.336125,4.6472168,    4.6472168,355.9240723,-    4.0759277,   14.5019531,   14.5019531,,1
690720201731.215125,4.8999023,    4.8999023,356.0339355,-    3.9660645,   14.5788574,   14.5788574,24.82,1
690720201732.324125,5.3833008,    5.3833008,356.1437988,-    3.8562012,   14.7216797,   14.7216797,,1
690720201733.215125,5.5151367,    5.5151367,356.2866211,-    3.7133789,   14.8205566,   14.8205566,29.13,1
690720201734.316125,5.2075195,    5.2075195,356.4514600,-    3.54854  ,   14.8205566,   14.8205566,,1
690720201735.215125,4.7680664,    4.7680664,356.5502930,-    3.449707 ,   14.8095703,   14.8095703,21.58,1
690720201736.324125,4.3615723,    4.3615723,358.1323242,-    1.8676758,   14.9084473,   14.9084473,,1
690720201737.215125,3.5046387,    3.5046387,359.9230957,-     .0769043,   15.0952148,   15.0952148,18.34,1
690720201738.348125,1.5710449,    1.5710449,     .4504395,     .4504395,   15.6225586,   15.6225586,,1
690720201739.215125,0.3515625,     .3515625,2.6037598,    2.6037598,   15.6555176,   15.6555176,10.79,1
690720201740.387125,4.5483399,    4.5483399,     .5053711,     .5053711,   14.0185547,   14.0185547,0.52,1
