time,earth.world_pos_q0,earth.world_pos_q1,earth.world_pos_q2,earth.world_pos_q3,earth.world_pos_x,earth.world_pos_y,earth.world_pos_z
2026-08-21T00:30:38.609510,0.0,0.0,0.0,1.0,0.0,0.0,0.0
2026-08-21T00:30:38.658997,0.0,0.0,3.0383815034645946e-7,0.9999999999999538,0.0,0.0,0.0
2026-08-21T00:30:38.667330,0.0,0.0,6.07676300692891e-7,0.9999999999998155,0.0,0.0,0.0
2026-08-21T00:30:38.675663,0.0,0.0,9.115144510392662e-7,0.9999999999995847,0.0,0.0,0.0
2026-08-21T00:30:38.683996,0.0,0.0,1.2153526013855575e-6,0.9999999999992615,0.0,0.0,0.0
2026-08-21T00:30:38.692329,0.0,0.0,1.5191907517317365e-6,0.999999999998846,0.0,0.0,0.0
2026-08-21T00:30:38.700662,0.0,0.0,1.8230289020777756e-6,0.9999999999983384,0.0,0.0,0.0
2026-08-21T00:30:38.708995,0.0,0.0,2.126867052423646e-6,0.9999999999977384,0.0,0.0,0.0
2026-08-21T00:30:38.717328,0.0,0.0,2.43070520276932e-6,0.9999999999970459,0.0,0.0,0.0
2026-08-21T00:30:38.725661,0.0,0.0,2.73454335311477e-6,0.9999999999962612,0.0,0.0,0.0
2026-08-21T00:30:38.733994,0.0,0.0,3.038381503459967e-6,0.9999999999953841,0.0,0.0,0.0
2026-08-21T00:30:38.742327,0.0,0.0,3.342219653804884e-6,0.9999999999944148,0.0,0.0,0.0
2026-08-21T00:30:38.750660,0.0,0.0,3.646057804149492e-6,0.9999999999933531,0.0,0.0,0.0
2026-08-21T00:30:38.758993,0.0,0.0,3.949895954493764e-6,0.9999999999921991,0.0,0.0,0.0
2026-08-21T00:30:38.767326,0.0,0.0,4.253734104837671e-6,0.999999999990953,0.0,0.0,0.0
2026-08-21T00:30:38.775659,0.0,0.0,4.557572255181185e-6,0.9999999999896144,0.0,0.0,0.0
2026-08-21T00:30:38.783992,0.0,0.0,4.861410405524278e-6,0.9999999999881835,0.0,0.0,0.0
2026-08-21T00:30:38.792325,0.0,0.0,5.165248555866922e-6,0.9999999999866602,0.0,0.0,0.0
2026-08-21T00:30:38.800658,0.0,0.0,5.46908670620909e-6,0.9999999999850446,0.0,0.0,0.0
2026-08-21T00:30:38.808991,0.0,0.0,5.7729248565507525e-6,0.9999999999833368,0.0,0.0,0.0
2026-08-21T00:30:38.817324,0.0,0.0,6.076763006891882e-6,0.9999999999815365,0.0,0.0,0.0
2026-08-21T00:30:38.825657,0.0,0.0,6.3806011572324515e-6,0.9999999999796441,0.0,0.0,0.0
2026-08-21T00:30:38.833990,0.0,0.0,6.684439307572432e-6,0.9999999999776592,0.0,0.0,0.0
2026-08-21T00:30:38.842323,0.0,0.0,6.988277457911795e-6,0.999999999975582,0.0,0.0,0.0
2026-08-21T00:30:38.850656,0.0,0.0,7.2921156082505124e-6,0.9999999999734125,0.0,0.0,0.0
2026-08-21T00:30:38.858989,0.0,0.0,7.595953758588558e-6,0.9999999999711509,0.0,0.0,0.0
2026-08-21T00:30:38.867322,0.0,0.0,7.899791908925903e-6,0.9999999999687967,0.0,0.0,0.0
2026-08-21T00:30:38.875655,0.0,0.0,8.203630059262515e-6,0.9999999999663503,0.0,0.0,0.0
2026-08-21T00:30:38.883988,0.0,0.0,8.507468209598373e-6,0.9999999999638115,0.0,0.0,0.0
2026-08-21T00:30:38.892321,0.0,0.0,8.811306359933444e-6,0.9999999999611804,0.0,0.0,0.0
2026-08-21T00:30:38.900654,0.0,0.0,9.115144510267703e-6,0.9999999999584572,0.0,0.0,0.0
2026-08-21T00:30:38.908987,0.0,0.0,9.418982660601119e-6,0.9999999999556415,0.0,0.0,0.0
2026-08-21T00:30:38.917320,0.0,0.0,9.722820810933666e-6,0.9999999999527335,0.0,0.0,0.0
2026-08-21T00:30:38.925653,0.0,0.0,0.000010026658961265315,0.9999999999497331,0.0,0.0,0.0
2026-08-21T00:30:38.933986,0.0,0.0,0.000010330497111596037,0.9999999999466405,0.0,0.0,0.0
2026-08-21T00:30:38.942319,0.0,0.0,0.000010634335261925808,0.9999999999434555,0.0,0.0,0.0
2026-08-21T00:30:38.950652,0.0,0.0,0.000010938173412254596,0.9999999999401782,0.0,0.0,0.0
2026-08-21T00:30:38.958985,0.0,0.0,0.000011242011562582375,0.9999999999368085,0.0,0.0,0.0
2026-08-21T00:30:38.967318,0.0,0.0,0.000011545849712909115,0.9999999999333467,0.0,0.0,0.0
2026-08-21T00:30:38.975651,0.0,0.0,0.00001184968786323479,0.9999999999297926,0.0,0.0,0.0
2026-08-21T00:30:38.983984,0.0,0.0,0.000012153526013559369,0.9999999999261459,0.0,0.0,0.0
2026-08-21T00:30:38.992317,0.0,0.0,0.00001245736416388283,0.9999999999224072,0.0,0.0,0.0
2026-08-21T00:30:39.000650,0.0,0.0,0.000012761202314205138,0.999999999918576,0.0,0.0,0.0
2026-08-21T00:30:39.008983,0.0,0.0,0.000013065040464526269,0.9999999999146525,0.0,0.0,0.0
2026-08-21T00:30:39.017316,0.0,0.0,0.000013368878614846193,0.9999999999106367,0.0,0.0,0.0
2026-08-21T00:30:39.025649,0.0,0.0,0.000013672716765164883,0.9999999999065285,0.0,0.0,0.0
2026-08-21T00:30:39.033982,0.0,0.0,0.00001397655491548231,0.999999999902328,0.0,0.0,0.0
2026-08-21T00:30:39.042315,0.0,0.0,0.000014280393065798448,0.9999999998980352,0.0,0.0,0.0
2026-08-21T00:30:39.050648,0.0,0.0,0.000014584231216113267,0.9999999998936501,0.0,0.0,0.0
2026-08-21T00:30:39.058981,0.0,0.0,0.00001488806936642674,0.9999999998891727,0.0,0.0,0.0
2026-08-21T00:30:39.067314,0.0,0.0,0.000015191907516738841,0.9999999998846031,0.0,0.0,0.0
2026-08-21T00:30:39.075647,0.0,0.0,0.000015495745667049536,0.999999999879941,0.0,0.0,0.0
2026-08-21T00:30:39.083980,0.0,0.0,0.000015799583817358802,0.9999999998751866,0.0,0.0,0.0
2026-08-21T00:30:39.092313,0.0,0.0,0.000016103421967666607,0.9999999998703399,0.0,0.0,0.0
2026-08-21T00:30:39.100646,0.0,0.0,0.000016407260117972925,0.9999999998654009,0.0,0.0,0.0
2026-08-21T00:30:39.108979,0.0,0.0,0.000016711098268277728,0.9999999998603696,0.0,0.0,0.0
2026-08-21T00:30:39.117312,0.0,0.0,0.000017014936418580993,0.9999999998552461,0.0,0.0,0.0
2026-08-21T00:30:39.125645,0.0,0.0,0.000017318774568882686,0.9999999998500302,0.0,0.0,0.0
2026-08-21T00:30:39.133978,0.0,0.0,0.00001762261271918278,0.9999999998447219,0.0,0.0,0.0
2026-08-21T00:30:39.142311,0.0,0.0,0.000017926450869481247,0.9999999998393213,0.0,0.0,0.0
2026-08-21T00:30:39.150644,0.0,0.0,0.000018230289019778057,0.9999999998338284,0.0,0.0,0.0
2026-08-21T00:30:39.158977,0.0,0.0,0.000018534127170073184,0.9999999998282432,0.0,0.0,0.0
2026-08-21T00:30:39.167310,0.0,0.0,0.0000188379653203666,0.9999999998225656,0.0,0.0,0.0
2026-08-21T00:30:39.175643,0.0,0.0,0.000019141803470658277,0.9999999998167958,0.0,0.0,0.0
2026-08-21T00:30:39.183976,0.0,0.0,0.00001944564162094819,0.9999999998109336,0.0,0.0,0.0
2026-08-21T00:30:39.192309,0.0,0.0,0.000019749479771236306,0.9999999998049791,0.0,0.0,0.0
2026-08-21T00:30:39.200642,0.0,0.0,0.0000200533179215226,0.9999999997989323,0.0,0.0,0.0
2026-08-21T00:30:39.208975,0.0,0.0,0.000020357156071807044,0.9999999997927931,0.0,0.0,0.0
2026-08-21T00:30:39.217308,0.0,0.0,0.000020660994222089604,0.9999999997865616,0.0,0.0,0.0
2026-08-21T00:30:39.225641,0.0,0.0,0.000020964832372370263,0.999999999780238,0.0,0.0,0.0
2026-08-21T00:30:39.233974,0.0,0.0,0.00002126867052264898,0.9999999997738219,0.0,0.0,0.0
2026-08-21T00:30:39.242307,0.0,0.0,0.000021572508672925737,0.9999999997673135,0.0,0.0,0.0
2026-08-21T00:30:39.250640,0.0,0.0,0.0000218763468232005,0.9999999997607127,0.0,0.0,0.0
2026-08-21T00:30:39.258973,0.0,0.0,0.000022180184973473246,0.9999999997540197,0.0,0.0,0.0
2026-08-21T00:30:39.267306,0.0,0.0,0.000022484023123743944,0.9999999997472343,0.0,0.0,0.0
2026-08-21T00:30:39.275639,0.0,0.0,0.000022787861274012572,0.9999999997403568,0.0,0.0,0.0
2026-08-21T00:30:39.283972,0.0,0.0,0.00002309169942427909,0.9999999997333868,0.0,0.0,0.0
2026-08-21T00:30:39.292305,0.0,0.0,0.000023395537574543476,0.9999999997263245,0.0,0.0,0.0
2026-08-21T00:30:39.300638,0.0,0.0,0.0000236993757248057,0.9999999997191699,0.0,0.0,0.0
2026-08-21T00:30:39.308971,0.0,0.0,0.00002400321387506574,0.9999999997119229,0.0,0.0,0.0
2026-08-21T00:30:39.317304,0.0,0.0,0.000024307052025323563,0.9999999997045836,0.0,0.0,0.0
2026-08-21T00:30:39.325637,0.0,0.0,0.000024610890175579143,0.999999999697152,0.0,0.0,0.0
2026-08-21T00:30:39.333970,0.0,0.0,0.000024914728325832447,0.9999999996896282,0.0,0.0,0.0
2026-08-21T00:30:39.342303,0.0,0.0,0.000025218566476083453,0.9999999996820119,0.0,0.0,0.0
2026-08-21T00:30:39.350636,0.0,0.0,0.000025522404626332132,0.9999999996743034,0.0,0.0,0.0
2026-08-21T00:30:39.358969,0.0,0.0,0.000025826242776578453,0.9999999996665025,0.0,0.0,0.0
2026-08-21T00:30:39.367302,0.0,0.0,0.00002613008092682239,0.9999999996586094,0.0,0.0,0.0
2026-08-21T00:30:39.375635,0.0,0.0,0.000026433919077063918,0.9999999996506239,0.0,0.0,0.0
2026-08-21T00:30:39.383968,0.0,0.0,0.000026737757227303008,0.9999999996425463,0.0,0.0,0.0
2026-08-21T00:30:39.392301,0.0,0.0,0.000027041595377539622,0.9999999996343761,0.0,0.0,0.0
2026-08-21T00:30:39.400634,0.0,0.0,0.000027345433527773742,0.9999999996261136,0.0,0.0,0.0
2026-08-21T00:30:39.408967,0.0,0.0,0.000027649271678005338,0.9999999996177589,0.0,0.0,0.0
2026-08-21T00:30:39.417300,0.0,0.0,0.00002795310982823439,0.999999999609312,0.0,0.0,0.0
2026-08-21T00:30:39.425633,0.0,0.0,0.000028256947978460852,0.9999999996007726,0.0,0.0,0.0
2026-08-21T00:30:39.433966,0.0,0.0,0.000028560786128684706,0.9999999995921408,0.0,0.0,0.0
2026-08-21T00:30:39.442299,0.0,0.0,0.000028864624278905924,0.9999999995834168,0.0,0.0,0.0
2026-08-21T00:30:39.450632,0.0,0.0,0.000029168462429124475,0.9999999995746004,0.0,0.0,0.0
2026-08-21T00:30:39.458965,0.0,0.0,0.000029472300579340333,0.9999999995656917,0.0,0.0,0.0
2026-08-21T00:30:39.467298,0.0,0.0,0.000029776138729553477,0.9999999995566909,0.0,0.0,0.0
2026-08-21T00:30:39.475631,0.0,0.0,0.00003007997687976386,0.9999999995475974,0.0,0.0,0.0
2026-08-21T00:30:39.483964,0.0,0.0,0.00003038381502997148,0.999999999538412,0.0,0.0,0.0
