time,ore_sat.world_pos_q0,ore_sat.world_pos_q1,ore_sat.world_pos_q2,ore_sat.world_pos_q3,ore_sat.world_pos_x,ore_sat.world_pos_y,ore_sat.world_pos_z
2026-08-20T19:15:39.931332,0.0,0.0,0.0,1.0,-4302097.779462299,-3609888.660035412,3795167.739124752
2026-08-20T19:15:39.990198,0.00335426355578598,0.0033540815238166984,0.003347698237676375,0.9999831458427884,-4302056.702430825,-3609937.612958834,3795167.738787184
2026-08-20T19:15:39.998531,0.006703825730198673,0.006703323135633339,0.00668415093544665,0.9999327208896559,-4302015.625017048,-3609986.5655614566,3795167.7381120473
2026-08-20T19:15:40.006864,0.010048553549994331,0.010047635372812502,0.01000924671726128,0.9998489318767716,-4301974.547220972,-3610035.517843275,3795167.7370993425
2026-08-20T19:15:40.015197,0.013388315268969232,0.013386930006035986,0.013322875866735612,0.9997319861332395,-4301933.469042602,-3610084.469804284,3795167.7357490696
2026-08-20T19:15:40.023530,0.016722980366516114,0.01672112003491219,0.016624930320726046,0.9995820915584022,-4301892.3904819405,-3610133.4214444803,3795167.7340612286
2026-08-20T19:15:40.031863,0.020052419546069823,0.020050119683508227,0.019915303662808186,0.9993994565993337,-4301851.311538991,-3610182.372763859,3795167.732035819
2026-08-20T19:15:40.040196,0.023376504733443555,0.0233738443958081,0.02319389111665887,0.9991842902285225,-4301810.232213757,-3610231.3237624164,3795167.7296728413
2026-08-20T19:15:40.048529,0.02669510907505726,0.02669221083109844,0.02646058953934411,0.9989368019217479,-4301769.1525062425,-3610280.2744401474,3795167.7269722954
2026-08-20T19:15:40.056862,0.030008106936059462,0.030005136859283056,0.02971529741451469,0.9986572016361454,-4301728.072416452,-3610329.224797048,3795167.723934181
2026-08-20T19:15:40.065195,0.0333153738983441,0.03331254155612777,0.032957914845511534,0.9983456997884653,-4301686.991944388,-3610378.1748331143,3795167.7205584985
2026-08-20T19:15:40.073528,0.036616786758463755,0.03661434519843683,0.03618834354838253,0.9980025072335235,-4301645.911090054,-3610427.124548341,3795167.716845248
2026-08-20T19:15:40.081861,0.03991222352544051,0.03991046925916221,0.03940648684481281,0.9976278352428415,-4301604.829853454,-3610476.0739427246,3795167.712794429
2026-08-20T19:15:40.090194,0.04320156341847625,0.043200836402447325,0.04261224965497031,0.9972218954834832,-4301563.748234592,-3610525.02301626,3795167.708406042
2026-08-20T19:15:40.098527,0.04648468686456339,0.04648537047860619,0.045805538490268465,0.9967848999970791,-4301522.6662334725,-3610573.9717689436,3795167.7036800864
2026-08-20T19:15:40.106860,0.049761475495997694,0.04976399651903962,0.04898626144604789,0.9963170611790474,-4301481.583850098,-3610622.9202007703,3795167.698616563
2026-08-20T19:15:40.115193,0.05303181214779453,0.05303664073108969,0.05215432819417884,0.9958185917580049,-4301440.501084471,-3610671.8683117363,3795167.6932154708
2026-08-20T19:15:40.123526,0.05629558085500992,0.05630323049283362,0.05530964997558626,0.9952897047753716,-4301399.417936597,-3610720.816101837,3795167.6874768105
2026-08-20T19:15:40.131859,0.05955266684996771,0.05956369434781851,0.058452139592699216,0.9947306135651662,-4301358.334406479,-3610769.763571068,3795167.681400582
2026-08-20T19:15:40.140192,0.06280295655939451,0.06281796199973835,0.06158171140182664,0.9941415317339982,-4301317.250494121,-3610818.710719425,3795167.6749867857
2026-08-20T19:15:40.148525,0.06604633760146342,0.06606596430705422,0.06469828130546086,0.9935226731412484,-4301276.166199526,-3610867.6575469044,3795167.6682354207
2026-08-20T19:15:40.156858,0.06928269878274812,0.06930763327755915,0.06780176674451095,0.9928742518794439,-4301235.081522698,-3610916.6040535006,3795167.6611464876
2026-08-20T19:15:40.165191,0.07251193009508873,0.07254290206288895,0.07089208669046748,0.9921964822548255,-4301193.996463641,-3610965.55023921,3795167.6537199863
2026-08-20T19:15:40.173524,0.07573392271237066,0.07577170495298023,0.07396916163750052,0.9914895787681081,-4301152.911022358,-3611014.496104028,3795167.645955917
2026-08-20T19:15:40.181857,0.07894856898721787,0.07899397737047657,0.07703291359449244,0.990753756095432,-4301111.825198852,-3611063.4416479506,3795167.637854279
2026-08-20T19:15:40.190190,0.08215576244760185,0.08220965586508443,0.08008326607700741,0.989989229069507,-4301070.738993129,-3611112.386870973,3795167.629415073
2026-08-20T19:15:40.198523,0.08535539779336782,0.08541867810787988,0.08312014409919918,0.9891962126609497,-4301029.65240519,-3611161.3317730906,3795167.620638299
2026-08-20T19:15:40.206856,0.08854737089267908,0.08862098288556722,0.08614347416565869,0.9883749219598102,-4300988.565435041,-3611210.2763543,3795167.6115239565
2026-08-20T19:15:40.215189,0.09173157877838145,0.09181651009469084,0.08915318426320351,0.9875255721572929,-4300947.478082684,-3611259.2206145963,3795167.6020720457
2026-08-20T19:15:40.223522,0.09490791964428848,0.09500520073580149,0.09214920385261038,0.9866483785276665,-4300906.390348123,-3611308.164553975,3795167.5922825667
2026-08-20T19:15:40.231855,0.09807629284138919,0.09818699690757803,0.09513146386029282,0.9857435564103673,-4300865.302231363,-3611357.108172432,3795167.5821555196
2026-08-20T19:15:40.240188,0.10123659887397951,0.10136184180090592,0.09809989666992505,0.9848113211922918,-4300824.213732406,-3611406.051469963,3795167.5716909044
2026-08-20T19:15:40.248521,0.10438873939571847,0.1045296796929134,0.10105443611401413,0.9838518882902795,-4300783.124851256,-3611454.9944465635,3795167.5608887207
2026-08-20T19:15:40.256854,0.10753261720561093,0.10769045594096693,0.1039950174654219,0.9828654731337879,-4300742.035587917,-3611503.9371022293,3795167.549748969
2026-08-20T19:15:40.265187,0.11066813624391784,0.11084411697662666,0.1069215774288382,0.9818522911477565,-4300700.945942393,-3611552.879436956,3795167.538271649
2026-08-20T19:15:40.273520,0.113795201587995,0.11399061029956285,0.10983405413220666,0.9808125577356585,-4300659.855914686,-3611601.8214507387,3795167.5264567607
2026-08-20T19:15:40.281853,0.11691371944806239,0.11712988447143513,0.11273238711810535,0.9797464882627454,-4300618.765504802,-3611650.763143574,3795167.514304304
2026-08-20T19:15:40.290186,0.12002359716290442,0.12026188910973475,0.11561651733508288,0.9786542980394769,-4300577.674712743,-3611699.7045154567,3795167.5018142792
2026-08-20T19:15:40.298519,0.1231247431955031,0.12338657488159163,0.11848638712895239,0.9775362023051417,-4300536.583538513,-3611748.645566383,3795167.4889866863
2026-08-20T19:15:40.306852,0.12621706712860487,0.12650389349754698,0.12134194023404417,0.9763924162116645,-4300495.491982115,-3611797.5862963484,3795167.4758215253
2026-08-20T19:15:40.315185,0.12930047966022262,0.12961379770529244,0.12418312176441883,0.9752231548076017,-4300454.400043555,-3611846.5267053484,3795167.4623187957
2026-08-20T19:15:40.323518,0.13237489259907403,0.13271624128337725,0.1270098782050425,0.9740286330223237,-4300413.307722834,-3611895.466793379,3795167.448478498
2026-08-20T19:15:40.331851,0.13544021885995736,0.13581117903488377,0.12982215740292516,0.9728090656503833,-4300372.215019956,-3611944.4065604354,3795167.434300632
2026-08-20T19:15:40.340184,0.13849637245906607,0.1388985667810733,0.13261990855822406,0.9715646673360717,-4300331.121934926,-3611993.3460065136,3795167.4197851983
2026-08-20T19:15:40.348517,0.14154326850924345,0.14197836135500233,0.13540308221531325,0.970295652558158,-4300290.028467747,-3612042.285131609,3795167.4049321963
2026-08-20T19:15:40.356850,0.14458082321517826,0.145050520595111,0.13817163025382082,0.9690022356148152,-4300248.934618423,-3612091.2239357177,3795167.3897416256
2026-08-20T19:15:40.365183,0.14760895386854297,0.1481150033387841,0.14092550587963523,0.9676846306087307,-4300207.840386957,-3612140.162418835,3795167.374213487
2026-08-20T19:15:40.373516,0.1506275788430751,0.15117176941588595,0.143664663615882,0.9663430514323983,-4300166.745773353,-3612189.1005809563,3795167.35834778
2026-08-20T19:15:40.381849,0.15363661758960392,0.15422077964227063,0.14638905929387264,0.9649777117535986,-4300125.650777615,-3612238.038422078,3795167.342144505
2026-08-20T19:15:40.390182,0.15663599063102226,0.15726199581326714,0.14909865004402612,0.9635888250010557,-4300084.555399746,-3612286.975942195,3795167.325603662
2026-08-20T19:15:40.398515,0.1596256195572062,0.16029538069714225,0.15179339428676558,0.9621766043502818,-4300043.4596397495,-3612335.913141303,3795167.3087252504
2026-08-20T19:15:40.406848,0.16260542701988198,0.1633208980285404,0.15447325172339046,0.9607412627095993,-4300002.36349763,-3612384.8500193986,3795167.2915092707
2026-08-20T19:15:40.415181,0.1655753367274431,0.16633851250190257,0.15713818332692603,0.9592830127063449,-4299961.26697339,-3612433.7865764764,3795167.273955723
2026-08-20T19:15:40.423514,0.16853527343971744,0.1693481897648648,0.15978815133295143,0.9578020666732563,-4299920.170067035,-3612482.7228125324,3795167.256064607
2026-08-20T19:15:40.431847,0.17148516296268593,0.17234989641163698,0.16242311923040736,0.9562986366350336,-4299879.072778567,-3612531.6587275625,3795167.2378359227
2026-08-20T19:15:40.440180,0.17442493214315402,0.1753435999763634,0.1650430517523851,0.9547729342950838,-4299837.97510799,-3612580.594321562,3795167.21926967
2026-08-20T19:15:40.448513,0.17735450886337717,0.17832926892646547,0.16764791486689762,0.9532251710224423,-4299796.877055308,-3612629.5295945266,3795167.2003658493
2026-08-20T19:15:40.456846,0.18027382203564063,0.18130687265596745,0.17023767576763424,0.9516555578388689,-4299755.778620524,-3612678.4645464523,3795167.1811244604
2026-08-20T19:15:40.465179,0.18318280159679606,0.18427638147880698,0.17281230286470062,0.9500643054061263,-4299714.679803642,-3612727.3991773343,3795167.1615455034
2026-08-20T19:15:40.473512,0.18608137850275436,0.1872377666221296,0.17537176577534386,0.9484516240134282,-4299673.580604667,-3612776.3334871684,3795167.1416289783
2026-08-20T19:15:40.481845,0.18896948472293737,0.1901910002195701,0.17791603531466585,0.9468177235650681,-4299632.4810236,-3612825.2674759505,3795167.121374885
2026-08-20T19:15:40.490178,0.19184705323468815,0.19313605530451977,0.18044508348632418,0.9451628135682179,-4299591.381060447,-3612874.201143676,3795167.1007832238
2026-08-20T19:15:40.498511,0.19471401801764213,0.19607290580338171,0.1829588834732232,0.943487103120904,-4299550.28071521,-3612923.1344903405,3795167.079853994
2026-08-20T19:15:40.506844,0.19757031404805903,0.1990015265288142,0.18545740962819562,0.9417908009001534,-4299509.179987894,-3612972.0675159395,3795167.058587196
2026-08-20T19:15:40.515177,0.2004158772931177,0.20192189317296358,0.18794063746467615,0.940074115150315,-4299468.078878502,-3613021.000220469,3795167.0369828297
2026-08-20T19:15:40.523510,0.20325064470517354,0.20483398230068647,0.1904085436473679,0.9383372536715475,-4299426.977387038,-3613069.932603925,3795167.0150408954
2026-08-20T19:15:40.531843,0.20607455421598125,0.2077377713427636,0.19286110598290326,0.9365804238084829,-4299385.875513505,-3613118.864666302,3795166.992761393
2026-08-20T19:15:40.540176,0.2088875447308825,0.2106332385891048,0.19529830341050008,0.9348038324390572,-4299344.7732579075,-3613167.7964075967,3795166.9701443226
2026-08-20T19:15:40.548509,0.2116895561229598,0.2135203631819461,0.19772011599261383,0.9330076859635088,-4299303.670620248,-3613216.727827804,3795166.947189684
2026-08-20T19:15:40.556842,0.21448052922715824,0.21639912510904036,0.20012652490558738,0.9311921902935469,-4299262.567600531,-3613265.6589269205,3795166.923897477
2026-08-20T19:15:40.565175,0.21726040583437542,0.21926950519684182,0.20251751243029964,0.9293575508416867,-4299221.46419876,-3613314.589704941,3795166.9002677016
2026-08-20T19:15:40.573508,0.22002912868552077,0.22213148510368497,0.20489306194281312,0.9275039725107492,-4299180.360414938,-3613363.5201618616,3795166.876300358
2026-08-20T19:15:40.581841,0.22278664146554522,0.2249850473129589,0.2072531579050227,0.9256316596835287,-4299139.25624907,-3613412.4502976774,3795166.8519954467
2026-08-20T19:15:40.590174,0.2255328887974422,0.22783017512627804,0.2095977858553055,0.9237408162126234,-4299098.151701159,-3613461.380112385,3795166.827352967
2026-08-20T19:15:40.598507,0.2282678162362208,0.2306668526566491,0.21192693239917365,0.9218316454104291,-4299057.046771208,-3613510.3096059794,3795166.8023729194
2026-08-20T19:15:40.606840,0.2309913702628522,0.23349506482163632,0.21424058519993072,0.9199043500392968,-4299015.941459221,-3613559.238778456,3795166.7770553036
2026-08-20T19:15:40.615173,0.2337034982781904,0.23631479733652436,0.2165387329693326,0.9179591323018521,-4298974.8357652025,-3613608.167629811,3795166.7514001196
2026-08-20T19:15:40.623506,0.2364041485968676,0.23912603670748048,0.21882136545825406,0.9159961938314745,-4298933.729689156,-3613657.09616004,3795166.7254073676
2026-08-20T19:15:40.631839,0.23909327044116582,0.24192877022471593,0.22108847344736174,0.9140157356829364,-4298892.623231084,-3613706.0243691383,3795166.6990770474
2026-08-20T19:15:40.640172,0.2417708139348655,0.2447229859556481,0.22334004873779467,0.9120179583232031,-4298851.5163909905,-3613754.952257102,3795166.672409159
2026-08-20T19:15:40.648505,0.2444367300970716,0.24750867273806326,0.22557608414185332,0.9100030616223889,-4298810.4091688795,-3613803.8798239264,3795166.6454037027
2026-08-20T19:15:40.656838,0.24709097083601844,0.250285820173281,0.2277965734736976,0.9079712448448708,-4298769.301564755,-3613852.807069607,3795166.6180606782
2026-08-20T19:15:40.665171,0.24973348894285438,0.25305441861932104,0.23000151154005566,0.9059227066405591,-4298728.19357862,-3613901.73399414,3795166.5903800856
2026-08-20T19:15:40.673504,0.25236423808540637,0.25581445918407264,0.2321908941309431,0.903857645036322,-4298687.085210479,-3613950.6605975204,3795166.5623619244
2026-08-20T19:15:40.681837,0.25498317280192634,0.2585659337184677,0.23436471801039488,0.9017762574275663,-4298645.976460335,-3613999.5868797447,3795166.534006195
2026-08-20T19:15:40.690170,0.25759024849481915,0.26130883480965783,0.2365229809072094,0.8996787405699682,-4298604.867328191,-3614048.512840808,3795166.5053128977
2026-08-20T19:15:40.698503,0.2601854214243541,0.26404315577419646,0.2386656815057069,0.8975652905713606,-4298563.7578140525,-3614097.438480706,3795166.476282032
2026-08-20T19:15:40.706836,0.26276864870235994,0.26676889065122583,0.24079281943650205,0.895436102883768,-4298522.647917922,-3614146.363799434,3795166.4469135986
2026-08-20T19:15:40.715169,0.26533988828590455,0.26948603419567,0.24290439526729185,0.8932913722955937,-4298481.537639802,-3614195.2887969883,3795166.417207597
2026-08-20T19:15:40.723502,0.26789909897095987,0.2721945818714345,0.24500041049365992,0.8911312929239558,-4298440.426979698,-3614244.2134733642,3795166.387164027
2026-08-20T19:15:40.731835,0.2704462403860536,0.274894529844613,0.2470808675298977,0.8889560582071712,-4298399.315937613,-3614293.1378285578,3795166.356782889
2026-08-20T19:15:40.740168,0.2729812729859074,0.27758587497670123,0.24914576969984337,0.8867658608973877,-4298358.204513551,-3614342.061862564,3795166.326064183
2026-08-20T19:15:40.748501,0.27550415804506384,0.28026861481781984,0.2511951212277395,0.8845608930533625,-4298317.092707515,-3614390.9855753793,3795166.2950079087
2026-08-20T19:15:40.756834,0.2780148576515005,0.2829427475999447,0.2532289272291096,0.8823413460333841,-4298275.980519509,-3614439.9089669986,3795166.2636140664
2026-08-20T19:15:40.765167,0.2805133347002353,0.28560827223014784,0.25524719370165533,0.8801074104883412,-4298234.867949537,-3614488.8320374177,3795166.231882656
2026-08-20T19:15:40.773500,0.28299955288692036,0.28826518828384695,0.2572499275161736,0.8778592763549321,-4298193.754997602,-3614537.7547866325,3795166.199813678
2026-08-20T19:15:40.781833,0.28547347670142803,0.29091349599806615,0.2592371364074963,0.8755971328490195,-4298152.641663708,-3614586.677214639,3795166.1674071318
2026-08-20T19:15:40.790166,0.28793507142142816,0.2935531962647067,0.26120882896545156,0.8733211684591238,-4298111.527947858,-3614635.599321432,3795166.1346630175
2026-08-20T19:15:40.798499,0.2903843031059576,0.2961842906238294,0.26316501462584785,0.8710315709400571,-4298070.413850057,-3614684.5211070077,3795166.101581335
2026-08-20T19:15:40.806832,0.29282113858898307,0.2988067812569486,0.26510570366148223,0.8687285273066978,-4298029.2993703075,-3614733.4425713615,3795166.0681620846
2026-08-20T19:15:40.815165,0.29524554547295834,0.30142067098033876,0.2670309071731726,0.8664122238279018,-4297988.184508614,-3614782.363714489,3795166.034405266
