time,rw_1.rw_ang_momentum_0,rw_1.rw_ang_momentum_1,rw_1.rw_ang_momentum_2
2026-08-20T19:15:39.931332,0.0,0.0,0.0
2026-08-20T19:15:39.990198,-0.000016666666666666667,0.0,0.0
2026-08-20T19:15:39.998531,-0.000033333333333333335,0.0,0.0
2026-08-20T19:15:40.006864,-0.00005,0.0,0.0
2026-08-20T19:15:40.015197,-0.00006666666666666667,0.0,0.0
2026-08-20T19:15:40.023530,-0.00008333333333333334,0.0,0.0
2026-08-20T19:15:40.031863,-0.00010000000000000002,0.0,0.0
2026-08-20T19:15:40.040196,-0.00011666666666666669,0.0,0.0
2026-08-20T19:15:40.048529,-0.00013333333333333337,0.0,0.0
2026-08-20T19:15:40.056862,-0.00015000000000000004,0.0,0.0
2026-08-20T19:15:40.065195,-0.00016666666666666672,0.0,0.0
2026-08-20T19:15:40.073528,-0.0001833333333333334,0.0,0.0
2026-08-20T19:15:40.081861,-0.00020000000000000006,0.0,0.0
2026-08-20T19:15:40.090194,-0.00021666666666666674,0.0,0.0
2026-08-20T19:15:40.098527,-0.0002333333333333334,0.0,0.0
2026-08-20T19:15:40.106860,-0.00025000000000000006,0.0,0.0
2026-08-20T19:15:40.115193,-0.00026666666666666673,0.0,0.0
2026-08-20T19:15:40.123526,-0.0002833333333333334,0.0,0.0
2026-08-20T19:15:40.131859,-0.0003000000000000001,0.0,0.0
2026-08-20T19:15:40.140192,-0.00031666666666666676,0.0,0.0
2026-08-20T19:15:40.148525,-0.00033333333333333343,0.0,0.0
2026-08-20T19:15:40.156858,-0.0003500000000000001,0.0,0.0
2026-08-20T19:15:40.165191,-0.0003666666666666668,0.0,0.0
2026-08-20T19:15:40.173524,-0.00038333333333333345,0.0,0.0
2026-08-20T19:15:40.181857,-0.00040000000000000013,0.0,0.0
2026-08-20T19:15:40.190190,-0.0004166666666666668,0.0,0.0
2026-08-20T19:15:40.198523,-0.0004333333333333335,0.0,0.0
2026-08-20T19:15:40.206856,-0.00045000000000000015,0.0,0.0
2026-08-20T19:15:40.215189,-0.0004666666666666668,0.0,0.0
2026-08-20T19:15:40.223522,-0.0004833333333333335,0.0,0.0
2026-08-20T19:15:40.231855,-0.0005000000000000001,0.0,0.0
2026-08-20T19:15:40.240188,-0.0005166666666666668,0.0,0.0
2026-08-20T19:15:40.248521,-0.0005333333333333335,0.0,0.0
2026-08-20T19:15:40.256854,-0.0005500000000000001,0.0,0.0
2026-08-20T19:15:40.265187,-0.0005666666666666668,0.0,0.0
2026-08-20T19:15:40.273520,-0.0005833333333333335,0.0,0.0
2026-08-20T19:15:40.281853,-0.0006000000000000002,0.0,0.0
2026-08-20T19:15:40.290186,-0.0006166666666666668,0.0,0.0
2026-08-20T19:15:40.298519,-0.0006333333333333335,0.0,0.0
2026-08-20T19:15:40.306852,-0.0006500000000000002,0.0,0.0
2026-08-20T19:15:40.315185,-0.0006666666666666669,0.0,0.0
2026-08-20T19:15:40.323518,-0.0006833333333333335,0.0,0.0
2026-08-20T19:15:40.331851,-0.0007000000000000002,0.0,0.0
2026-08-20T19:15:40.340184,-0.0007166666666666669,0.0,0.0
2026-08-20T19:15:40.348517,-0.0007333333333333336,0.0,0.0
2026-08-20T19:15:40.356850,-0.0007500000000000002,0.0,0.0
2026-08-20T19:15:40.365183,-0.0007666666666666669,0.0,0.0
2026-08-20T19:15:40.373516,-0.0007833333333333336,0.0,0.0
2026-08-20T19:15:40.381849,-0.0008000000000000003,0.0,0.0
2026-08-20T19:15:40.390182,-0.0008166666666666669,0.0,0.0
2026-08-20T19:15:40.398515,-0.0008333333333333336,0.0,0.0
2026-08-20T19:15:40.406848,-0.0008500000000000003,0.0,0.0
2026-08-20T19:15:40.415181,-0.000866666666666667,0.0,0.0
2026-08-20T19:15:40.423514,-0.0008833333333333336,0.0,0.0
2026-08-20T19:15:40.431847,-0.0009000000000000003,0.0,0.0
2026-08-20T19:15:40.440180,-0.000916666666666667,0.0,0.0
2026-08-20T19:15:40.448513,-0.0009333333333333336,0.0,0.0
2026-08-20T19:15:40.456846,-0.0009500000000000003,0.0,0.0
2026-08-20T19:15:40.465179,-0.000966666666666667,0.0,0.0
2026-08-20T19:15:40.473512,-0.0009833333333333337,0.0,0.0
2026-08-20T19:15:40.481845,-0.0010000000000000002,0.0,0.0
2026-08-20T19:15:40.490178,-0.0010166666666666668,0.0,0.0
2026-08-20T19:15:40.498511,-0.0010333333333333334,0.0,0.0
2026-08-20T19:15:40.506844,-0.00105,0.0,0.0
2026-08-20T19:15:40.515177,-0.0010666666666666665,0.0,0.0
2026-08-20T19:15:40.523510,-0.001083333333333333,0.0,0.0
2026-08-20T19:15:40.531843,-0.0010999999999999996,0.0,0.0
2026-08-20T19:15:40.540176,-0.0011166666666666662,0.0,0.0
2026-08-20T19:15:40.548509,-0.0011333333333333328,0.0,0.0
2026-08-20T19:15:40.556842,-0.0011499999999999993,0.0,0.0
2026-08-20T19:15:40.565175,-0.001166666666666666,0.0,0.0
2026-08-20T19:15:40.573508,-0.0011833333333333325,0.0,0.0
2026-08-20T19:15:40.581841,-0.001199999999999999,0.0,0.0
2026-08-20T19:15:40.590174,-0.0012166666666666656,0.0,0.0
2026-08-20T19:15:40.598507,-0.0012333333333333322,0.0,0.0
2026-08-20T19:15:40.606840,-0.0012499999999999987,0.0,0.0
2026-08-20T19:15:40.615173,-0.0012666666666666653,0.0,0.0
2026-08-20T19:15:40.623506,-0.0012833333333333319,0.0,0.0
2026-08-20T19:15:40.631839,-0.0012999999999999984,0.0,0.0
2026-08-20T19:15:40.640172,-0.001316666666666665,0.0,0.0
2026-08-20T19:15:40.648505,-0.0013333333333333316,0.0,0.0
2026-08-20T19:15:40.656838,-0.0013499999999999981,0.0,0.0
2026-08-20T19:15:40.665171,-0.0013666666666666647,0.0,0.0
2026-08-20T19:15:40.673504,-0.0013833333333333313,0.0,0.0
2026-08-20T19:15:40.681837,-0.0013999999999999978,0.0,0.0
2026-08-20T19:15:40.690170,-0.0014166666666666644,0.0,0.0
2026-08-20T19:15:40.698503,-0.001433333333333331,0.0,0.0
2026-08-20T19:15:40.706836,-0.0014499999999999975,0.0,0.0
2026-08-20T19:15:40.715169,-0.001466666666666664,0.0,0.0
2026-08-20T19:15:40.723502,-0.0014833333333333306,0.0,0.0
2026-08-20T19:15:40.731835,-0.0014999999999999972,0.0,0.0
2026-08-20T19:15:40.740168,-0.0015166666666666638,0.0,0.0
2026-08-20T19:15:40.748501,-0.0015333333333333303,0.0,0.0
2026-08-20T19:15:40.756834,-0.001549999999999997,0.0,0.0
2026-08-20T19:15:40.765167,-0.0015666666666666635,0.0,0.0
2026-08-20T19:15:40.773500,-0.00158333333333333,0.0,0.0
2026-08-20T19:15:40.781833,-0.0015999999999999966,0.0,0.0
2026-08-20T19:15:40.790166,-0.0016166666666666632,0.0,0.0
2026-08-20T19:15:40.798499,-0.0016333333333333297,0.0,0.0
2026-08-20T19:15:40.806832,-0.0016499999999999963,0.0,0.0
2026-08-20T19:15:40.815165,-0.0016666666666666629,0.0,0.0
