time,cvt.convert_state_0,cvt.convert_state_1,cvt.convert_state_2,cvt.convert_state_3
2026-08-21T00:30:44.111833,1.5,-2.7,0.0,100.0
2026-08-21T00:30:44.119314,2.673,2.673,49.5,49.5
2026-08-21T00:30:44.127647,2.64627,2.64627,48.51,49.005
2026-08-21T00:30:44.135980,2.6198072999999997,2.6198072999999997,48.51,48.51495
2026-08-21T00:30:44.144313,2.5936092269999995,2.5936092269999995,47.519999999999996,48.0298005
2026-08-21T00:30:44.152646,2.5676731347299997,2.5676731347299997,47.519999999999996,47.549502495
2026-08-21T00:30:44.160979,2.5419964033827,2.5419964033827,46.53,47.07400747005
2026-08-21T00:30:44.169312,2.516576439348873,2.516576439348873,46.53,46.6032673953495
2026-08-21T00:30:44.177645,2.491410674955384,2.491410674955384,45.54,46.137234721396005
2026-08-21T00:30:44.185978,2.46649656820583,2.46649656820583,45.54,45.675862374182046
2026-08-21T00:30:44.194311,2.441831602523772,2.441831602523772,44.55,45.219103750440226
2026-08-21T00:30:44.202644,2.417413286498534,2.417413286498534,44.55,44.76691271293582
2026-08-21T00:30:44.210977,2.393239153633549,2.393239153633549,43.56,44.31924358580646
2026-08-21T00:30:44.219310,2.3693067620972132,2.3693067620972132,43.56,43.876051149948395
2026-08-21T00:30:44.227643,2.345613694476241,2.345613694476241,42.57,43.437290638448914
2026-08-21T00:30:44.235976,2.3221575575314786,2.3221575575314786,42.57,43.002917732064425
2026-08-21T00:30:44.244309,2.2989359819561637,2.2989359819561637,42.57,42.57288855474378
2026-08-21T00:30:44.252642,2.275946622136602,2.275946622136602,41.58,42.14715966919634
2026-08-21T00:30:44.260975,2.253187155915236,2.253187155915236,41.58,41.725688072504376
2026-08-21T00:30:44.269308,2.2306552843560836,2.2306552843560836,40.589999999999996,41.308431191779334
2026-08-21T00:30:44.277641,2.208348731512523,2.208348731512523,40.589999999999996,40.89534687986154
2026-08-21T00:30:44.285974,2.1862652441973975,2.1862652441973975,39.6,40.48639341106293
2026-08-21T00:30:44.294307,2.1644025917554237,2.1644025917554237,39.6,40.0815294769523
2026-08-21T00:30:44.302640,2.1427585658378696,2.1427585658378696,39.6,39.680714182182776
2026-08-21T00:30:44.310973,2.121330980179491,2.121330980179491,38.61,39.283907040360944
2026-08-21T00:30:44.319306,2.100117670377696,2.100117670377696,38.61,38.891067969957334
2026-08-21T00:30:44.327639,2.079116493673919,2.079116493673919,37.62,38.50215729025776
2026-08-21T00:30:44.335972,2.0583253287371797,2.0583253287371797,37.62,38.11713571735518
2026-08-21T00:30:44.344305,2.037742075449808,2.037742075449808,37.62,37.73596436018163
2026-08-21T00:30:44.352638,2.0173646546953097,2.0173646546953097,36.63,37.35860471657982
2026-08-21T00:30:44.360971,1.9971910081483566,1.9971910081483566,36.63,36.98501866941402
2026-08-21T00:30:44.369304,1.977219098066873,1.977219098066873,35.64,36.61516848271988
2026-08-21T00:30:44.377637,1.9574469070862042,1.9574469070862042,35.64,36.24901679789268
2026-08-21T00:30:44.385970,1.937872438015342,1.937872438015342,35.64,35.88652662991375
2026-08-21T00:30:44.394303,1.9184937136351885,1.9184937136351885,34.65,35.52766136361461
2026-08-21T00:30:44.402636,1.8993087764988366,1.8993087764988366,34.65,35.17238474997846
2026-08-21T00:30:44.410969,1.8803156887338481,1.8803156887338481,34.65,34.82066090247868
2026-08-21T00:30:44.419302,1.8615125318465096,1.8615125318465096,33.66,34.47245429345389
2026-08-21T00:30:44.427635,1.8428974065280443,1.8428974065280443,33.66,34.12772975051936
2026-08-21T00:30:44.435968,1.8244684324627638,1.8244684324627638,33.66,33.786452453014164
2026-08-21T00:30:44.444301,1.8062237481381362,1.8062237481381362,32.67,33.448587928484024
2026-08-21T00:30:44.452634,1.7881615106567548,1.7881615106567548,32.67,33.11410204919918
2026-08-21T00:30:44.460967,1.7702798955501873,1.7702798955501873,32.67,32.78296102870719
2026-08-21T00:30:44.469300,1.7525770965946854,1.7525770965946854,31.68,32.455131418420116
2026-08-21T00:30:44.477633,1.7350513256287385,1.7350513256287385,31.68,32.13058010423592
2026-08-21T00:30:44.485966,1.717700812372451,1.717700812372451,31.68,31.809274303193558
2026-08-21T00:30:44.494299,1.7005238042487265,1.7005238042487265,30.69,31.49118156016162
2026-08-21T00:30:44.502632,1.6835185662062393,1.6835185662062393,30.69,31.176269744560006
2026-08-21T00:30:44.510965,1.666683380544177,1.666683380544177,30.69,30.864507047114405
2026-08-21T00:30:44.519298,1.650016546738735,1.650016546738735,29.7,30.55586197664326
2026-08-21T00:30:44.527631,1.6335163812713478,1.6335163812713478,29.7,30.250303356876827
2026-08-21T00:30:44.535964,1.6171812174586344,1.6171812174586344,29.7,29.94780032330806
2026-08-21T00:30:44.544297,1.601009405284048,1.601009405284048,28.71,29.64832232007498
2026-08-21T00:30:44.552630,1.5849993112312075,1.5849993112312075,28.71,29.35183909687423
2026-08-21T00:30:44.560963,1.5691493181188954,1.5691493181188954,28.71,29.058320705905487
2026-08-21T00:30:44.569296,1.5534578249377065,1.5534578249377065,28.71,28.767737498846433
2026-08-21T00:30:44.577629,1.5379232466883295,1.5379232466883295,27.72,28.480060123857967
2026-08-21T00:30:44.585962,1.5225440142214461,1.5225440142214461,27.72,28.195259522619388
2026-08-21T00:30:44.594295,1.5073185740792316,1.5073185740792316,27.72,27.913306927393194
2026-08-21T00:30:44.602628,1.4922453883384392,1.4922453883384392,26.73,27.63417385811926
2026-08-21T00:30:44.610961,1.477322934455055,1.477322934455055,26.73,27.35783211953807
2026-08-21T00:30:44.619294,1.4625497051105043,1.4625497051105043,26.73,27.08425379834269
2026-08-21T00:30:44.627627,1.4479242080593993,1.4479242080593993,26.73,26.813411260359263
2026-08-21T00:30:44.635960,1.4334449659788053,1.4334449659788053,25.74,26.54527714775567
2026-08-21T00:30:44.644293,1.4191105163190172,1.4191105163190172,25.74,26.279824376278114
2026-08-21T00:30:44.652626,1.404919411155827,1.404919411155827,25.74,26.017026132515333
2026-08-21T00:30:44.660959,1.3908702170442686,1.3908702170442686,25.74,25.75685587119018
2026-08-21T00:30:44.669292,1.376961514873826,1.376961514873826,24.75,25.499287312478277
2026-08-21T00:30:44.677625,1.3631918997250876,1.3631918997250876,24.75,25.244294439353492
2026-08-21T00:30:44.685958,1.3495599807278367,1.3495599807278367,24.75,24.991851494959956
2026-08-21T00:30:44.694291,1.3360643809205583,1.3360643809205583,23.759999999999998,24.741932980010358
2026-08-21T00:30:44.702624,1.3227037371113528,1.3227037371113528,23.759999999999998,24.494513650210255
2026-08-21T00:30:44.710957,1.3094766997402392,1.3094766997402392,23.759999999999998,24.24956851370815
2026-08-21T00:30:44.719290,1.2963819327428368,1.2963819327428368,23.759999999999998,24.00707282857107
2026-08-21T00:30:44.727623,1.2834181134154083,1.2834181134154083,23.759999999999998,23.767002100285357
2026-08-21T00:30:44.735956,1.2705839322812542,1.2705839322812542,22.77,23.529332079282504
2026-08-21T00:30:44.744289,1.2578780929584417,1.2578780929584417,22.77,23.29403875848968
2026-08-21T00:30:44.752622,1.2452993120288571,1.2452993120288571,22.77,23.061098370904784
2026-08-21T00:30:44.760955,1.2328463189085686,1.2328463189085686,22.77,22.830487387195735
2026-08-21T00:30:44.769288,1.220517855719483,1.220517855719483,21.78,22.602182513323775
2026-08-21T00:30:44.777621,1.208312677162288,1.208312677162288,21.78,22.376160688190538
2026-08-21T00:30:44.785954,1.1962295503906653,1.1962295503906653,21.78,22.152399081308634
2026-08-21T00:30:44.794287,1.1842672548867585,1.1842672548867585,21.78,21.930875090495547
2026-08-21T00:30:44.802620,1.172424582337891,1.172424582337891,20.79,21.711566339590593
2026-08-21T00:30:44.810953,1.160700336514512,1.160700336514512,20.79,21.49445067619469
2026-08-21T00:30:44.819286,1.149093333149367,1.149093333149367,20.79,21.279506169432743
2026-08-21T00:30:44.827619,1.1376023998178733,1.1376023998178733,20.79,21.066711107738417
2026-08-21T00:30:44.835952,1.1262263758196944,1.1262263758196944,20.79,20.856043996661032
2026-08-21T00:30:44.844285,1.1149641120614975,1.1149641120614975,19.8,20.64748355669442
2026-08-21T00:30:44.852618,1.1038144709408826,1.1038144709408826,19.8,20.441008721127478
2026-08-21T00:30:44.860951,1.0927763262314738,1.0927763262314738,19.8,20.236598633916202
2026-08-21T00:30:44.869284,1.081848562969159,1.081848562969159,19.8,20.03423264757704
2026-08-21T00:30:44.877617,1.0710300773394674,1.0710300773394674,19.8,19.83389032110127
2026-08-21T00:30:44.885950,1.0603197765660728,1.0603197765660728,18.81,19.635551417890255
2026-08-21T00:30:44.894283,1.0497165788004121,1.0497165788004121,18.81,19.43919590371135
2026-08-21T00:30:44.902616,1.039219413012408,1.039219413012408,18.81,19.24480394467424
2026-08-21T00:30:44.910949,1.0288272188822838,1.0288272188822838,18.81,19.052355905227497
2026-08-21T00:30:44.919282,1.018538946693461,1.018538946693461,18.81,18.861832346175223
2026-08-21T00:30:44.927615,1.0083535572265263,1.0083535572265263,17.82,18.67321402271347
2026-08-21T00:30:44.935948,0.998270021654261,0.998270021654261,17.82,18.486481882486334
2026-08-21T00:30:44.944281,0.9882873214377185,0.9882873214377185,17.82,18.30161706366147
