time,c.inertia_0,c.inertia_1,c.inertia_2,c.inertia_3,c.inertia_4,c.inertia_5,c.inertia_6
2026-08-21T00:30:44.969022,14982844642.8839,14982844642.8839,14982844642.8839,0.0,0.0,0.0,14982844642.8839
2026-08-21T00:30:44.985067,14982844642.8839,14982844642.8839,14982844642.8839,0.0,0.0,0.0,14982844642.8839
2026-08-21T00:30:44.993400,14982844642.8839,14982844642.8839,14982844642.8839,0.0,0.0,0.0,14982844642.8839
2026-08-21T00:30:45.001733,14982844642.8839,14982844642.8839,14982844642.8839,0.0,0.0,0.0,14982844642.8839
2026-08-21T00:30:45.010066,14982844642.8839,14982844642.8839,14982844642.8839,0.0,0.0,0.0,14982844642.8839
2026-08-21T00:30:45.018399,14982844642.8839,14982844642.8839,14982844642.8839,0.0,0.0,0.0,14982844642.8839
2026-08-21T00:30:45.026732,14982844642.8839,14982844642.8839,14982844642.8839,0.0,0.0,0.0,14982844642.8839
2026-08-21T00:30:45.035065,14982844642.8839,14982844642.8839,14982844642.8839,0.0,0.0,0.0,14982844642.8839
2026-08-21T00:30:45.043398,14982844642.8839,14982844642.8839,14982844642.8839,0.0,0.0,0.0,14982844642.8839
2026-08-21T00:30:45.051731,14982844642.8839,14982844642.8839,14982844642.8839,0.0,0.0,0.0,14982844642.8839
2026-08-21T00:30:45.060064,14982844642.8839,14982844642.8839,14982844642.8839,0.0,0.0,0.0,14982844642.8839
2026-08-21T00:30:45.068397,14982844642.8839,14982844642.8839,14982844642.8839,0.0,0.0,0.0,14982844642.8839
2026-08-21T00:30:45.076730,14982844642.8839,14982844642.8839,14982844642.8839,0.0,0.0,0.0,14982844642.8839
2026-08-21T00:30:45.085063,14982844642.8839,14982844642.8839,14982844642.8839,0.0,0.0,0.0,14982844642.8839
2026-08-21T00:30:45.093396,14982844642.8839,14982844642.8839,14982844642.8839,0.0,0.0,0.0,14982844642.8839
2026-08-21T00:30:45.101729,14982844642.8839,14982844642.8839,14982844642.8839,0.0,0.0,0.0,14982844642.8839
2026-08-21T00:30:45.110062,14982844642.8839,14982844642.8839,14982844642.8839,0.0,0.0,0.0,14982844642.8839
2026-08-21T00:30:45.118395,14982844642.8839,14982844642.8839,14982844642.8839,0.0,0.0,0.0,14982844642.8839
2026-08-21T00:30:45.126728,14982844642.8839,14982844642.8839,14982844642.8839,0.0,0.0,0.0,14982844642.8839
2026-08-21T00:30:45.135061,14982844642.8839,14982844642.8839,14982844642.8839,0.0,0.0,0.0,14982844642.8839
2026-08-21T00:30:45.143394,14982844642.8839,14982844642.8839,14982844642.8839,0.0,0.0,0.0,14982844642.8839
2026-08-21T00:30:45.151727,14982844642.8839,14982844642.8839,14982844642.8839,0.0,0.0,0.0,14982844642.8839
2026-08-21T00:30:45.160060,14982844642.8839,14982844642.8839,14982844642.8839,0.0,0.0,0.0,14982844642.8839
2026-08-21T00:30:45.168393,14982844642.8839,14982844642.8839,14982844642.8839,0.0,0.0,0.0,14982844642.8839
2026-08-21T00:30:45.176726,14982844642.8839,14982844642.8839,14982844642.8839,0.0,0.0,0.0,14982844642.8839
2026-08-21T00:30:45.185059,14982844642.8839,14982844642.8839,14982844642.8839,0.0,0.0,0.0,14982844642.8839
2026-08-21T00:30:45.193392,14982844642.8839,14982844642.8839,14982844642.8839,0.0,0.0,0.0,14982844642.8839
2026-08-21T00:30:45.201725,14982844642.8839,14982844642.8839,14982844642.8839,0.0,0.0,0.0,14982844642.8839
2026-08-21T00:30:45.210058,14982844642.8839,14982844642.8839,14982844642.8839,0.0,0.0,0.0,14982844642.8839
2026-08-21T00:30:45.218391,14982844642.8839,14982844642.8839,14982844642.8839,0.0,0.0,0.0,14982844642.8839
2026-08-21T00:30:45.226724,14982844642.8839,14982844642.8839,14982844642.8839,0.0,0.0,0.0,14982844642.8839
2026-08-21T00:30:45.235057,14982844642.8839,14982844642.8839,14982844642.8839,0.0,0.0,0.0,14982844642.8839
2026-08-21T00:30:45.243390,14982844642.8839,14982844642.8839,14982844642.8839,0.0,0.0,0.0,14982844642.8839
2026-08-21T00:30:45.251723,14982844642.8839,14982844642.8839,14982844642.8839,0.0,0.0,0.0,14982844642.8839
2026-08-21T00:30:45.260056,14982844642.8839,14982844642.8839,14982844642.8839,0.0,0.0,0.0,14982844642.8839
2026-08-21T00:30:45.268389,14982844642.8839,14982844642.8839,14982844642.8839,0.0,0.0,0.0,14982844642.8839
2026-08-21T00:30:45.276722,14982844642.8839,14982844642.8839,14982844642.8839,0.0,0.0,0.0,14982844642.8839
2026-08-21T00:30:45.285055,14982844642.8839,14982844642.8839,14982844642.8839,0.0,0.0,0.0,14982844642.8839
2026-08-21T00:30:45.293388,14982844642.8839,14982844642.8839,14982844642.8839,0.0,0.0,0.0,14982844642.8839
2026-08-21T00:30:45.301721,14982844642.8839,14982844642.8839,14982844642.8839,0.0,0.0,0.0,14982844642.8839
2026-08-21T00:30:45.310054,14982844642.8839,14982844642.8839,14982844642.8839,0.0,0.0,0.0,14982844642.8839
2026-08-21T00:30:45.318387,14982844642.8839,14982844642.8839,14982844642.8839,0.0,0.0,0.0,14982844642.8839
2026-08-21T00:30:45.326720,14982844642.8839,14982844642.8839,14982844642.8839,0.0,0.0,0.0,14982844642.8839
2026-08-21T00:30:45.335053,14982844642.8839,14982844642.8839,14982844642.8839,0.0,0.0,0.0,14982844642.8839
2026-08-21T00:30:45.343386,14982844642.8839,14982844642.8839,14982844642.8839,0.0,0.0,0.0,14982844642.8839
2026-08-21T00:30:45.351719,14982844642.8839,14982844642.8839,14982844642.8839,0.0,0.0,0.0,14982844642.8839
2026-08-21T00:30:45.360052,14982844642.8839,14982844642.8839,14982844642.8839,0.0,0.0,0.0,14982844642.8839
2026-08-21T00:30:45.368385,14982844642.8839,14982844642.8839,14982844642.8839,0.0,0.0,0.0,14982844642.8839
2026-08-21T00:30:45.376718,14982844642.8839,14982844642.8839,14982844642.8839,0.0,0.0,0.0,14982844642.8839
2026-08-21T00:30:45.385051,14982844642.8839,14982844642.8839,14982844642.8839,0.0,0.0,0.0,14982844642.8839
2026-08-21T00:30:45.393384,14982844642.8839,14982844642.8839,14982844642.8839,0.0,0.0,0.0,14982844642.8839
2026-08-21T00:30:45.401717,14982844642.8839,14982844642.8839,14982844642.8839,0.0,0.0,0.0,14982844642.8839
2026-08-21T00:30:45.410050,14982844642.8839,14982844642.8839,14982844642.8839,0.0,0.0,0.0,14982844642.8839
2026-08-21T00:30:45.418383,14982844642.8839,14982844642.8839,14982844642.8839,0.0,0.0,0.0,14982844642.8839
2026-08-21T00:30:45.426716,14982844642.8839,14982844642.8839,14982844642.8839,0.0,0.0,0.0,14982844642.8839
2026-08-21T00:30:45.435049,14982844642.8839,14982844642.8839,14982844642.8839,0.0,0.0,0.0,14982844642.8839
2026-08-21T00:30:45.443382,14982844642.8839,14982844642.8839,14982844642.8839,0.0,0.0,0.0,14982844642.8839
2026-08-21T00:30:45.451715,14982844642.8839,14982844642.8839,14982844642.8839,0.0,0.0,0.0,14982844642.8839
2026-08-21T00:30:45.460048,14982844642.8839,14982844642.8839,14982844642.8839,0.0,0.0,0.0,14982844642.8839
2026-08-21T00:30:45.468381,14982844642.8839,14982844642.8839,14982844642.8839,0.0,0.0,0.0,14982844642.8839
2026-08-21T00:30:45.476714,14982844642.8839,14982844642.8839,14982844642.8839,0.0,0.0,0.0,14982844642.8839
2026-08-21T00:30:45.485047,14982844642.8839,14982844642.8839,14982844642.8839,0.0,0.0,0.0,14982844642.8839
2026-08-21T00:30:45.493380,14982844642.8839,14982844642.8839,14982844642.8839,0.0,0.0,0.0,14982844642.8839
2026-08-21T00:30:45.501713,14982844642.8839,14982844642.8839,14982844642.8839,0.0,0.0,0.0,14982844642.8839
2026-08-21T00:30:45.510046,14982844642.8839,14982844642.8839,14982844642.8839,0.0,0.0,0.0,14982844642.8839
2026-08-21T00:30:45.518379,14982844642.8839,14982844642.8839,14982844642.8839,0.0,0.0,0.0,14982844642.8839
2026-08-21T00:30:45.526712,14982844642.8839,14982844642.8839,14982844642.8839,0.0,0.0,0.0,14982844642.8839
2026-08-21T00:30:45.535045,14982844642.8839,14982844642.8839,14982844642.8839,0.0,0.0,0.0,14982844642.8839
2026-08-21T00:30:45.543378,14982844642.8839,14982844642.8839,14982844642.8839,0.0,0.0,0.0,14982844642.8839
2026-08-21T00:30:45.551711,14982844642.8839,14982844642.8839,14982844642.8839,0.0,0.0,0.0,14982844642.8839
2026-08-21T00:30:45.560044,14982844642.8839,14982844642.8839,14982844642.8839,0.0,0.0,0.0,14982844642.8839
2026-08-21T00:30:45.568377,14982844642.8839,14982844642.8839,14982844642.8839,0.0,0.0,0.0,14982844642.8839
2026-08-21T00:30:45.576710,14982844642.8839,14982844642.8839,14982844642.8839,0.0,0.0,0.0,14982844642.8839
2026-08-21T00:30:45.585043,14982844642.8839,14982844642.8839,14982844642.8839,0.0,0.0,0.0,14982844642.8839
2026-08-21T00:30:45.593376,14982844642.8839,14982844642.8839,14982844642.8839,0.0,0.0,0.0,14982844642.8839
2026-08-21T00:30:45.601709,14982844642.8839,14982844642.8839,14982844642.8839,0.0,0.0,0.0,14982844642.8839
2026-08-21T00:30:45.610042,14982844642.8839,14982844642.8839,14982844642.8839,0.0,0.0,0.0,14982844642.8839
2026-08-21T00:30:45.618375,14982844642.8839,14982844642.8839,14982844642.8839,0.0,0.0,0.0,14982844642.8839
2026-08-21T00:30:45.626708,14982844642.8839,14982844642.8839,14982844642.8839,0.0,0.0,0.0,14982844642.8839
2026-08-21T00:30:45.635041,14982844642.8839,14982844642.8839,14982844642.8839,0.0,0.0,0.0,14982844642.8839
2026-08-21T00:30:45.643374,14982844642.8839,14982844642.8839,14982844642.8839,0.0,0.0,0.0,14982844642.8839
2026-08-21T00:30:45.651707,14982844642.8839,14982844642.8839,14982844642.8839,0.0,0.0,0.0,14982844642.8839
2026-08-21T00:30:45.660040,14982844642.8839,14982844642.8839,14982844642.8839,0.0,0.0,0.0,14982844642.8839
2026-08-21T00:30:45.668373,14982844642.8839,14982844642.8839,14982844642.8839,0.0,0.0,0.0,14982844642.8839
2026-08-21T00:30:45.676706,14982844642.8839,14982844642.8839,14982844642.8839,0.0,0.0,0.0,14982844642.8839
2026-08-21T00:30:45.685039,14982844642.8839,14982844642.8839,14982844642.8839,0.0,0.0,0.0,14982844642.8839
2026-08-21T00:30:45.693372,14982844642.8839,14982844642.8839,14982844642.8839,0.0,0.0,0.0,14982844642.8839
2026-08-21T00:30:45.701705,14982844642.8839,14982844642.8839,14982844642.8839,0.0,0.0,0.0,14982844642.8839
2026-08-21T00:30:45.710038,14982844642.8839,14982844642.8839,14982844642.8839,0.0,0.0,0.0,14982844642.8839
2026-08-21T00:30:45.718371,14982844642.8839,14982844642.8839,14982844642.8839,0.0,0.0,0.0,14982844642.8839
2026-08-21T00:30:45.726704,14982844642.8839,14982844642.8839,14982844642.8839,0.0,0.0,0.0,14982844642.8839
2026-08-21T00:30:45.735037,14982844642.8839,14982844642.8839,14982844642.8839,0.0,0.0,0.0,14982844642.8839
2026-08-21T00:30:45.743370,14982844642.8839,14982844642.8839,14982844642.8839,0.0,0.0,0.0,14982844642.8839
2026-08-21T00:30:45.751703,14982844642.8839,14982844642.8839,14982844642.8839,0.0,0.0,0.0,14982844642.8839
2026-08-21T00:30:45.760036,14982844642.8839,14982844642.8839,14982844642.8839,0.0,0.0,0.0,14982844642.8839
2026-08-21T00:30:45.768369,14982844642.8839,14982844642.8839,14982844642.8839,0.0,0.0,0.0,14982844642.8839
2026-08-21T00:30:45.776702,14982844642.8839,14982844642.8839,14982844642.8839,0.0,0.0,0.0,14982844642.8839
2026-08-21T00:30:45.785035,14982844642.8839,14982844642.8839,14982844642.8839,0.0,0.0,0.0,14982844642.8839
2026-08-21T00:30:45.793368,14982844642.8839,14982844642.8839,14982844642.8839,0.0,0.0,0.0,14982844642.8839
2026-08-21T00:30:45.801701,14982844642.8839,14982844642.8839,14982844642.8839,0.0,0.0,0.0,14982844642.8839
2026-08-21T00:30:45.810034,14982844642.8839,14982844642.8839,14982844642.8839,0.0,0.0,0.0,14982844642.8839
